Dim1,Dim2,Cluster,Name,Label,FIX,prob,N_atoms.x,MW.x,RingCount.x,CyclicPeptide.x,N_atoms.y,MW.y,RingCount.y,CyclicPeptide.y,N_atoms.x.x,MW.x.x,RingCount.x.x,CyclicPeptide.x.x,N_atoms.y.y,MW.y.y,RingCount.y.y,CyclicPeptide.y.y,RingDigits.x,AmideBonds.x,MacroCyclicPept,N_atoms.x.x.x,MW.x.x.x,RingCount.x.x.x,RingDigits.y,AmideBonds.y,CyclicPeptide.x.x.x,N_atoms.y.y.y,MW.y.y.y,RingCount.y.y.y,RingDigits.x.x,AmideBonds.x.x,CyclicPeptide.y.y.y,RingDigits.y.y,AmideBonds.y.y,RingCount,CyclicPeptide,HeteroRatio,AliphaticC,MW,N_atoms,O_atoms,O_C_ratio,ClBr_atoms,RingDigits,AmideBonds,CarboxylCount,DoubleBondCnt,MaxCCRun,BranchPct,SulfurCount,DBE,Class
8.610316104876902e-4,-0.0014513519895590187,2,Tolybyssidin B,NA,1,0.3641602634467618,1.4569257010226708,1.3094714075774947,NA,FALSE,16,1490.8319425680002,NA,FALSE,1.4569257010226708,1.3094714075774951,NA,FALSE,16,1490.831942568,NA,FALSE,-0.34136588569608967,-0.28236784012224214,FALSE,16,1490.831942568,NA,3,0,FALSE,16,1490.831942568,NA,3,0,FALSE,3,0,0,FALSE,0.2919260676489046,-0.7292667414168341,1.3094714075774951,1.4569257010226708,0.6683799709576121,-0.3443448418954051,-0.3958088651130414,-0.34136588569608967,-0.28236784012224214,-0.29749203106712147,0.8542396947092481,-0.5409315651739592,0.8685784942693792,0.9491260071978439,-0.6545708772779284,Misc. PK/NRPS
0.034192377551323774,-0.16485889875654502,Noise,Mycosporine-tau,NA,0,0.7653846153846153,-1.2244089609148092,-1.4554561730215982,NA,FALSE,1,295.072572884,NA,FALSE,-1.2244089609148092,-1.4554561730215982,NA,FALSE,1,295.072572884,NA,FALSE,-1.198001032820239,-0.28236784012224214,FALSE,1,295.072572884,NA,1,0,FALSE,1,295.072572884,NA,1,0,FALSE,1,0,0,FALSE,3.382902451958035,-0.7292667414168341,-1.4554561730215982,-1.2244089609148092,-0.6876383769004588,5.78377185245137,-0.3958088651130414,-1.198001032820239,-0.28236784012224214,-0.29749203106712147,-1.2337991698719522,-1.0111531218284466,0.74852108269652,0.9491260071978439,0.23604729845572353,Misc. PK/NRPS
0.07564299971284837,-0.33955900813048495,5,Bartoloside G,NA,0,0.014552238805970175,-1.4031646050439746,-0.6892627773793524,NA,FALSE,0,626.431317416,NA,FALSE,-1.4031646050439746,-0.6892627773793524,NA,FALSE,0,626.431317416,NA,FALSE,-0.7696834592581644,-0.28236784012224214,FALSE,0,626.431317416,NA,2,0,FALSE,0,626.431317416,NA,2,0,FALSE,2,0,0,FALSE,-2.162058561785708,3.4877974589500758,-0.6892627773793524,-1.4031646050439746,-0.8383070822180223,-1.1146926350251063,1.302338846500975,-0.7696834592581644,-0.28236784012224214,-0.29749203106712147,-1.356624985435552,4.631505558025402,-2.0141012108336263,-0.4534713145500809,-0.0608254267888271,Lipo‑peptide
0.07469679696843019,-0.33920141554749167,5,Bartoloside J,NA,0,0.021773555027711777,-1.4031646050439746,-0.7540789241802258,NA,FALSE,0,598.4000172880001,NA,FALSE,-1.4031646050439746,-0.7540789241802258,NA,FALSE,0,598.4000172880001,NA,FALSE,-0.7696834592581644,-0.28236784012224214,FALSE,0,598.400017288,NA,2,0,FALSE,0,598.4000172880001,NA,2,0,FALSE,2,0,0,FALSE,-2.0815022274456054,3.4877974589500758,-0.7540789241802258,-1.4031646050439746,-0.8383070822180223,-0.9958389755136667,1.302338846500975,-0.7696834592581644,-0.28236784012224214,-0.29749203106712147,-1.356624985435552,3.6910624447164273,-1.882959516148575,-0.4534713145500809,-0.0608254267888271,Lipo‑peptide
0.0764043697759152,-0.3367623747881782,5,Bartoloside H,NA,0,0.019297036526533418,-1.4031646050439746,-0.5459193077825402,NA,FALSE,0,688.423645192,NA,FALSE,-1.4031646050439746,-0.5459193077825402,NA,FALSE,0,688.423645192,NA,FALSE,-0.7696834592581644,-0.28236784012224214,FALSE,0,688.423645192,NA,2,0,FALSE,0,688.423645192,NA,2,0,FALSE,2,0,0,FALSE,-2.2677887506070937,3.4877974589500758,-0.5459193077825402,-1.4031646050439746,-0.8383070822180223,-1.270688063133871,3.0004865581149915,-0.7696834592581644,-0.28236784012224214,-0.29749203106712147,-1.356624985435552,2.7506193314074525,-1.6645654419339029,-0.4534713145500809,-0.0608254267888271,Lipo‑peptide
0.07624346376949064,-0.3380395894752385,5,Bartoloside F,NA,0,0.019297036526533418,-1.4031646050439746,-0.5783273811829771,NA,FALSE,0,674.4079951279999,NA,FALSE,-1.4031646050439746,-0.5783273811829771,NA,FALSE,0,674.4079951279999,NA,FALSE,-0.7696834592581644,-0.28236784012224214,FALSE,0,674.4079951279999,NA,2,0,FALSE,0,674.4079951279999,NA,2,0,FALSE,2,0,0,FALSE,-2.2343527079883647,3.4877974589500758,-0.5783273811829771,-1.4031646050439746,-0.8383070822180223,-1.2213561756122957,3.0004865581149915,-0.7696834592581644,-0.28236784012224214,-0.29749203106712147,-1.356624985435552,2.280397774752965,-1.600238460074308,-0.4534713145500809,-0.0608254267888271,Lipo‑peptide
0.07565003096040798,-0.338925525049899,5,Bartoloside I,Bartoloside I,0,0.014552238805970175,-1.4031646050439746,-0.5322081317874751,NA,FALSE,0,694.353372712,NA,FALSE,-1.4031646050439746,-0.5322081317874751,NA,FALSE,0,694.3533727119999,NA,FALSE,-0.7696834592581644,-0.28236784012224214,FALSE,0,694.3533727119999,NA,2,0,FALSE,0,694.353372712,NA,2,0,FALSE,2,0,0,FALSE,-2.2343527079883647,3.4877974589500758,-0.5322081317874751,-1.4031646050439746,-0.8383070822180223,-1.2213561756122957,4.698634269729008,-0.7696834592581644,-0.28236784012224214,-0.29749203106712147,-1.356624985435552,1.8101762180984775,-1.0969328437662738,-0.4534713145500809,-0.0608254267888271,Halogenated PK
0.07522534959667088,-0.338889331851775,5,Bartoloside K,NA,0,0.021268656716417922,-1.4031646050439746,-0.6431435279838505,NA,FALSE,0,646.3766949999999,NA,FALSE,-1.4031646050439746,-0.6431435279838505,NA,FALSE,0,646.3766949999999,NA,FALSE,-0.7696834592581644,-0.28236784012224214,FALSE,0,646.3766949999999,NA,2,0,FALSE,0,646.3766949999999,NA,2,0,FALSE,2,0,0,FALSE,-2.162058561785708,2.6443846188766944,-0.6431435279838505,-1.4031646050439746,-0.8383070822180223,-1.1146926350251063,3.0004865581149915,-0.7696834592581644,-0.28236784012224214,-0.29749203106712147,-1.356624985435552,1.3399546614439903,-1.4670965673881713,-0.4534713145500809,-0.0608254267888271,Halogenated PK
0.07502677898846237,-0.3383580716668378,5,Bartoloside E,NA,0,0.021773555027711777,-1.4031646050439746,-0.6755516013842872,NA,FALSE,0,632.361044936,NA,FALSE,-1.4031646050439746,-0.6755516013842872,NA,FALSE,0,632.361044936,NA,FALSE,-0.7696834592581644,-0.28236784012224214,FALSE,0,632.361044936,NA,2,0,FALSE,0,632.361044936,NA,2,0,FALSE,2,0,0,FALSE,-2.122899232592603,2.6443846188766944,-0.6755516013842872,-1.4031646050439746,-0.8383070822180223,-1.0569165505403788,3.0004865581149915,-0.7696834592581644,-0.28236784012224214,-0.29749203106712147,-1.356624985435552,1.3399546614439903,-2.0141012108336263,-0.4534713145500809,-0.0608254267888271,Halogenated PK
0.030274636679869536,-0.17869189239464756,Noise,Synechobactin A,NA,0,0.06725888324873097,-0.6881420285273131,-0.8420793257107836,NA,FALSE,4,560.342129116,NA,FALSE,-0.6881420285273131,-0.8420793257107836,NA,FALSE,4,560.342129116,NA,FALSE,-1.6263186063823138,-0.28236784012224214,FALSE,4,560.342129116,NA,0,0,FALSE,4,560.342129116,NA,0,0,FALSE,0,0,0,FALSE,0.7748911276972064,0.9575589387299301,-0.8420793257107836,-0.6881420285273131,-0.38630096626533195,1.2452382004664597,-0.3958088651130414,-1.6263186063823138,-0.28236784012224214,-0.29749203106712147,-1.110973354308352,3.22084088806194,1.8163543022425332,-0.4534713145500809,3.946956364012607,Misc. PK/NRPS
0.029391537109685353,-0.1809050996643224,Noise,Synechobactin B,NA,0,0.06725888324873097,-0.6881420285273131,-0.906895472511657,NA,FALSE,4,532.310828988,NA,FALSE,-0.6881420285273131,-0.9068954725116573,NA,FALSE,4,532.310828988,NA,FALSE,-1.6263186063823138,-0.28236784012224214,FALSE,4,532.310828988,NA,0,0,FALSE,4,532.3108289879999,NA,0,0,FALSE,0,0,0,FALSE,1.137114922733432,0.9575589387299301,-0.9068954725116573,-0.6881420285273131,-0.38630096626533195,1.6152273568782731,-0.3958088651130414,-1.6263186063823138,-0.28236784012224214,-0.29749203106712147,-1.110973354308352,2.280397774752965,2.1210774405032233,-0.4534713145500809,3.650083638768056,Misc. PK/NRPS
0.02832419920452396,-0.17977119570891514,Noise,Synechobactin C,NA,0,0.07917888563049852,-0.6881420285273131,-0.9717116193125307,NA,FALSE,4,504.27952885999997,NA,FALSE,-0.6881420285273131,-0.9717116193125307,NA,FALSE,4,504.27952885999997,NA,FALSE,-1.6263186063823138,-0.28236784012224214,FALSE,4,504.27952885999997,NA,0,0,FALSE,4,504.27952885999997,NA,0,0,FALSE,0,0,0,FALSE,1.5651975895944272,0.11414609865654794,-0.9717116193125307,-0.6881420285273131,-0.38630096626533195,2.052487269001326,-0.3958088651130414,-1.6263186063823138,-0.28236784012224214,-0.29749203106712147,-1.110973354308352,1.3399546614439903,2.44681596760948,-0.4534713145500809,3.3532109135235055,Misc. PK/NRPS
0.043915247860371244,-0.1439087430337577,Noise,Synechoxanthin,NA,0,0.47743467933491684,-1.4031646050439746,-0.7773775657926448,NA,FALSE,0,588.323959888,NA,FALSE,-1.4031646050439746,-0.7773775657926448,NA,FALSE,0,588.323959888,NA,FALSE,-0.7696834592581644,-0.28236784012224214,FALSE,0,588.323959888,NA,2,0,FALSE,0,588.323959888,NA,2,0,FALSE,2,0,0,FALSE,-2.702457304650564,-0.7292667414168341,-0.7773775657926448,-1.4031646050439746,-1.139644492853149,-1.9120026009143474,-0.3958088651130414,-0.7696834592581644,-0.28236784012224214,5.354856559208187,0.3629364324548481,-1.0111531218284466,-0.4665550174002696,-0.4534713145500809,0.23604729845572353,Misc. PK/NRPS
0.036401952557179415,-0.018230536418117137,1,Sphaerocyclamide,NA,0,0.6557849255880941,0.20563619211851356,-0.016312803171361086,NA,FALSE,9,917.4647038359999,NA,FALSE,0.20563619211851356,-0.016312803171361086,NA,FALSE,9,917.4647038359999,NA,FALSE,0.08695168786598508,-0.28236784012224214,FALSE,9,917.4647038359999,NA,4,0,FALSE,9,917.4647038359999,NA,4,0,FALSE,4,0,0,FALSE,0.20793214416224357,-0.7292667414168341,-0.016312803171361086,0.20563619211851356,-0.08496355563020506,-0.12747519143823888,-0.3958088651130414,0.08695168786598508,-0.28236784012224214,-0.29749203106712147,0.24011061689124805,-0.5409315651739592,-0.716735159842226,-0.4534713145500809,-0.3576981520333778,Misc. PK/NRPS
0.043590806848132005,-0.1892768912462297,5,Merosterolic acid A,NA,0,0.28495197438633935,-1.4031646050439746,-1.1520750954939865,NA,FALSE,0,426.277009696,NA,FALSE,-1.4031646050439746,-1.1520750954939865,NA,FALSE,0,426.277009696,NA,FALSE,0.5152692614280598,-0.28236784012224214,FALSE,0,426.277009696,NA,5,0,FALSE,0,426.277009696,NA,5,0,FALSE,5,0,0,FALSE,-2.2838875859420367,-0.7292667414168341,-1.1520750954939865,-1.4031646050439746,-1.139644492853149,-1.2944404534220368,-0.3958088651130414,0.5152692614280598,-0.28236784012224214,-0.29749203106712147,-1.2337991698719522,-0.5409315651739592,-0.10932664093266913,-0.4534713145500809,0.013392754522310554,Misc. PK/NRPS
0.04071048799744377,-0.2049651657674735,5,Merosterolic acid B,NA,0,0.28495197438633935,-1.4031646050439746,-1.1520750954939865,NA,FALSE,0,426.277009696,NA,FALSE,-1.4031646050439746,-1.1520750954939865,NA,FALSE,0,426.277009696,NA,FALSE,0.08695168786598508,-0.28236784012224214,FALSE,0,426.277009696,NA,4,0,FALSE,0,426.277009696,NA,4,0,FALSE,4,0,0,FALSE,-2.2838875859420367,-0.7292667414168341,-1.1520750954939865,-1.4031646050439746,-1.139644492853149,-1.2944404534220368,-0.3958088651130414,0.08695168786598508,-0.28236784012224214,-0.29749203106712147,-1.110973354308352,-0.5409315651739592,0.12344797857202622,-0.4534713145500809,0.013392754522310554,Misc. PK/NRPS
0.06092504360096386,-0.16991024104236982,5,Merosterol B,NA,0,0.3068598911530186,-1.4031646050439746,-0.7962478006264754,NA,FALSE,0,580.163073408,NA,FALSE,-1.4031646050439746,-0.7962478006264754,NA,FALSE,0,580.1630734080001,NA,FALSE,0.9435868349901345,-0.28236784012224214,FALSE,0,580.163073408,NA,6,0,FALSE,0,580.163073408,NA,6,0,FALSE,6,0,0,FALSE,-1.3283438112228165,-0.7292667414168341,-0.7962478006264754,-1.4031646050439746,-0.5369696715828954,0.11537884110135231,3.0004865581149915,0.9435868349901345,-0.28236784012224214,-0.29749203106712147,-0.988147538744752,-0.5409315651739592,-1.194921547826245,-0.4534713145500809,0.31026547976686114,Halogenated PK
0.07053518262774995,-0.16277148172338607,5,Merosterol A,NA,0,0.2422105263157895,-1.4031646050439746,-0.828655874026912,NA,FALSE,0,566.147423344,NA,FALSE,-1.4031646050439746,-0.828655874026912,NA,FALSE,0,566.147423344,NA,FALSE,1.3719044085522092,-0.28236784012224214,FALSE,0,566.147423344,NA,7,0,FALSE,0,566.147423344,NA,7,0,FALSE,7,0,0,FALSE,-1.25356212450566,-0.7292667414168341,-0.828655874026912,-1.4031646050439746,-0.5369696715828954,0.2257125250205741,3.0004865581149915,1.3719044085522092,-0.28236784012224214,-0.29749203106712147,-1.110973354308352,-1.0111531218284466,-1.693329539513396,-0.4534713145500809,0.16182911714458587,Halogenated PK
0.06934575975663888,-0.1592422653461917,5,Merosterol A-regioisomer,NA,0,0.2422105263157895,-1.4031646050439746,-0.828655874026912,NA,FALSE,0,566.147423344,NA,FALSE,-1.4031646050439746,-0.828655874026912,NA,FALSE,0,566.147423344,NA,FALSE,1.3719044085522092,-0.28236784012224214,FALSE,0,566.147423344,NA,7,0,FALSE,0,566.147423344,NA,7,0,FALSE,7,0,0,FALSE,-1.25356212450566,-0.7292667414168341,-0.828655874026912,-1.4031646050439746,-0.5369696715828954,0.2257125250205741,3.0004865581149915,1.3719044085522092,-0.28236784012224214,-0.29749203106712147,-1.110973354308352,-1.0111531218284466,-1.693329539513396,-0.4534713145500809,0.16182911714458587,Halogenated PK
0.050673272794376716,-0.07895098948223164,1,Scytocyclamide C,NA,1,0.9897830870795348,1.0994144127643402,0.9857070180075655,NA,FALSE,14,1350.81225268,NA,FALSE,1.0994144127643402,0.9857070180075655,NA,FALSE,14,1350.8122526799998,NA,FALSE,-0.7696834592581644,-0.28236784012224214,FALSE,14,1350.81225268,NA,2,0,FALSE,14,1350.8122526799998,NA,2,0,FALSE,2,0,0,FALSE,0.8438861362755349,0.11414609865654794,0.9857070180075655,1.0994144127643402,0.969717381592739,0.4700228251274221,-0.3958088651130414,-0.7696834592581644,-0.28236784012224214,-0.29749203106712147,-0.005541014235951975,0.3995115481350155,1.1919216418722645,-0.4534713145500809,-0.6545708772779284,Misc. PK/NRPS
0.05145826896272057,-0.0795319028594198,1,Scytocyclamide B,NA,1,0.9897830870795348,1.0994144127643402,1.0226917004640812,NA,FALSE,14,1366.8071673,NA,FALSE,1.0994144127643402,1.0226917004640812,NA,FALSE,14,1366.8071673,NA,FALSE,-0.7696834592581644,-0.28236784012224214,FALSE,14,1366.8071673,NA,2,0,FALSE,14,1366.8071673,NA,2,0,FALSE,2,0,0,FALSE,0.9818761534321929,0.11414609865654794,1.0226917004640812,1.0994144127643402,1.1203860869103024,0.673614741883129,-0.3958088651130414,-0.7696834592581644,-0.28236784012224214,-0.29749203106712147,-0.005541014235951975,0.3995115481350155,1.3434371510957106,-0.4534713145500809,-0.6545708772779284,Misc. PK/NRPS
0.04715915627920678,-0.04993545152132451,1,Scytocyclamide A,NA,1,0.7160139429977446,0.7419031245060096,0.6895511834796657,NA,FALSE,12,1222.7325458159999,NA,FALSE,0.7419031245060096,0.6895511834796663,NA,FALSE,12,1222.732545816,NA,FALSE,-0.34136588569608967,-0.28236784012224214,FALSE,12,1222.7325458159999,NA,3,0,FALSE,12,1222.7325458159999,NA,3,0,FALSE,3,0,0,FALSE,0.133576867633068,0.11414609865654794,0.6895511834796663,0.7419031245060096,0.3670425603224853,-0.2508928145321296,-0.3958088651130414,-0.34136588569608967,-0.28236784012224214,-0.29749203106712147,0.24011061689124805,0.3995115481350155,0.17181673067689704,-0.4534713145500809,-0.5803526959667907,Misc. PK/NRPS
0.3257853967052716,0.29476621270682185,3,Scyptolin B,NA,1,0.8931055646481179,0.20563619211851356,0.4555685996610754,NA,FALSE,9,1121.54115516,NA,FALSE,0.20563619211851356,0.4555685996610754,NA,FALSE,9,1121.54115516,NA,FALSE,-0.34136588569608967,-0.28236784012224214,FALSE,9,1121.54115516,NA,3,0,FALSE,9,1121.54115516,NA,3,0,FALSE,3,0,0,FALSE,0.5288523235216566,0.11414609865654794,0.4555685996610754,0.20563619211851356,0.6683799709576121,0.677456098803048,1.302338846500975,-0.34136588569608967,-0.28236784012224214,-0.29749203106712147,-0.005541014235951975,-0.07071000851947189,0.8208243148900253,-0.4534713145500809,-0.43191633334451546,Halogenated PK
-0.011375629810251682,-0.05552075109677978,2,Scytodecamide,NA,1,0.3842050929112182,0.5631474803768443,0.16444536528915737,NA,FALSE,11,995.6379171599999,NA,FALSE,0.5631474803768443,0.16444536528915762,NA,FALSE,11,995.6379171599999,NA,FALSE,-1.198001032820239,-0.28236784012224214,FALSE,11,995.63791716,NA,1,0,FALSE,11,995.63791716,NA,1,0,FALSE,1,0,0,FALSE,0.6824084566241272,-0.7292667414168341,0.16444536528915762,0.5631474803768443,0.06570514968735837,0.080165963254792,-0.3958088651130414,-1.198001032820239,-0.28236784012224214,-0.29749203106712147,-0.496844276490352,-0.5409315651739592,1.1183851028744687,-0.4534713145500809,6.247719984657874,Misc. PK/NRPS
0.33218015762496456,0.31597509824053366,3,Hofmannolin,NA,1,0.19404056722311974,-0.15187509613981712,0.3074895559572292,NA,FALSE,7,1057.500814572,NA,FALSE,-0.15187509613981712,0.3074895559572292,NA,FALSE,7,1057.500814572,NA,FALSE,0.5152692614280598,-0.28236784012224214,FALSE,7,1057.5008145719999,NA,5,0,FALSE,7,1057.5008145719999,NA,5,0,FALSE,5,0,0,FALSE,-0.03005063904996308,-0.7292667414168341,0.3074895559572292,-0.15187509613981712,0.5177112656400487,0.36822686674956906,-0.3958088651130414,0.5152692614280598,-0.28236784012224214,-0.29749203106712147,0.4857622480184481,-0.5409315651739592,-0.5083376803648022,-0.4534713145500809,-0.43191633334451546,Misc. PK/NRPS
0.3449173380120417,0.3399912740117831,3,Scyptolin A,NA,1,0.8931055646481179,0.02688054798934821,0.12935484057102228,NA,FALSE,8,980.462176568,NA,FALSE,0.02688054798934821,0.12935484057102228,NA,FALSE,8,980.4621765679999,NA,FALSE,-0.34136588569608967,-0.28236784012224214,FALSE,8,980.4621765679999,NA,3,0,FALSE,8,980.462176568,NA,3,0,FALSE,3,0,0,FALSE,0.5859047998522189,-0.7292667414168341,0.12935484057102228,0.02688054798934821,0.3670425603224853,0.709022031753687,1.302338846500975,-0.34136588569608967,-0.28236784012224214,-0.29749203106712147,-0.251192645363152,-0.5409315651739592,0.4203855583388317,-0.4534713145500809,-0.3576981520333778,Halogenated PK
0.016308226573980823,-0.015383922509726568,1,Autumnalamide,NA,1,0.3442150744119059,0.38439183624767886,-0.055572802809559466,NA,FALSE,10,900.485773628,NA,FALSE,0.38439183624767886,-0.05557280280955973,NA,FALSE,10,900.485773628,NA,FALSE,0.08695168786598508,-0.28236784012224214,FALSE,10,900.4857736280001,NA,4,0,FALSE,10,900.4857736280001,NA,4,0,FALSE,4,0,0,FALSE,0.018945816317256135,-0.7292667414168341,-0.05557280280955973,0.38439183624767886,-0.38630096626533195,-0.6851400068995227,-0.3958088651130414,0.08695168786598508,-0.28236784012224214,-0.29749203106712147,0.24011061689124805,-0.5409315651739592,-1.202661974969871,-0.4534713145500809,-0.0608254267888271,Misc. PK/NRPS
0.14978463287311078,0.036614845153812504,3,Hassallidin E,NA,1,0.4098637540817476,0.5631474803768443,1.1219128629712978,NA,FALSE,11,1409.717743176,NA,FALSE,0.5631474803768443,1.1219128629712978,NA,FALSE,11,1409.7177431759997,NA,FALSE,-0.34136588569608967,-0.28236784012224214,FALSE,11,1409.7177431759999,NA,3,0,FALSE,11,1409.717743176,NA,3,0,FALSE,3,0,0,FALSE,1.1823928971129607,1.8009717788033122,1.1219128629712978,0.5631474803768443,1.8737296134981196,1.6152273568782731,-0.3958088651130414,-0.34136588569608967,-0.28236784012224214,-0.29749203106712147,0.24011061689124805,4.161284001370914,2.9986134725435742,-0.4534713145500809,0.23604729845572353,Misc. PK/NRPS
0.06256073568339807,-0.0827422679911373,1,Aghardipeptin A,NA,0,0.3107614332861858,0.5631474803768443,-0.21069999245080254,NA,TRUE,11,833.397292972,NA,TRUE,0.5631474803768443,-0.2106999924508028,NA,TRUE,11,833.397292972,NA,TRUE,1.3719044085522092,-0.28236784012224214,FALSE,11,833.3972929720001,NA,7,0,TRUE,11,833.397292972,NA,7,0,TRUE,7,0,0,TRUE,0.06729115599853219,-0.7292667414168341,-0.2106999924508028,0.5631474803768443,-0.6876383769004588,-1.1066308557946791,-0.3958088651130414,1.3719044085522092,-0.28236784012224214,-0.29749203106712147,0.3629364324548481,-0.5409315651739592,-0.8105693034530814,-0.4534713145500809,0.3844836610779988,Misc. PK/NRPS
0.054827739791148605,-0.09553983179354833,2,"[D-Asp³,(E)-Dhb7]MC-HilR",NA,0,0.050336597307221564,0.38439183624767886,0.16192694966216373,NA,FALSE,10,994.548767808,NA,FALSE,0.38439183624767886,0.16192694966216348,NA,FALSE,10,994.5487678080001,NA,FALSE,-0.7696834592581644,-0.28236784012224214,FALSE,10,994.5487678080001,NA,2,0,FALSE,10,994.5487678080001,NA,2,0,FALSE,2,0,0,FALSE,0.3313517868365212,-0.7292667414168341,0.16192694966216348,0.38439183624767886,0.06570514968735837,-0.053499246530109554,-0.3958088651130414,-0.7696834592581644,-0.28236784012224214,-0.29749203106712147,0.24011061689124805,-0.5409315651739592,-0.09857252289295848,-0.4534713145500809,-0.5061345146556531,Misc. PK/NRPS
0.09243552449315438,-0.11253083808570542,4,oscillacyclamide B,NA,1,0.5868292256598496,3.7807490747018204,3.75852203968772,NA,FALSE,29,2549.982735784,NA,FALSE,3.7807490747018204,3.75852203968772,NA,FALSE,29,2549.982735784,NA,FALSE,3.0851747028005083,-0.28236784012224214,FALSE,29,2549.9827357839995,NA,11,0,FALSE,29,2549.982735784,NA,11,0,FALSE,11,0,0,FALSE,1.2749522960658015,-0.7292667414168341,3.75852203968772,3.7807490747018204,3.3804166666737543,0.664606249991284,-0.3958088651130414,3.0851747028005083,-0.28236784012224214,-0.29749203106712147,3.802059268235648,-0.5409315651739592,-0.217426161544022,3.754320650693693,-1.174098146455892,Misc. PK/NRPS
0.07768611915783383,-0.09859464652053802,1,Aghardipeptin B,NA,0,0.3107614332861858,0.5631474803768443,0.25669400535965914,NA,TRUE,11,1035.533058168,NA,TRUE,0.5631474803768443,0.25669400535965914,NA,TRUE,11,1035.533058168,NA,TRUE,2.2285395556763588,-0.28236784012224214,FALSE,11,1035.533058168,NA,9,0,TRUE,11,1035.533058168,NA,9,0,TRUE,9,0,0,TRUE,-0.6740040524476985,-0.7292667414168341,0.25669400535965914,0.5631474803768443,-0.5369696715828954,-1.3944505177932613,-0.3958088651130414,2.2285395556763588,-0.28236784012224214,-0.29749203106712147,0.7314138791456481,-0.5409315651739592,-0.09159687875909217,-0.4534713145500809,0.23604729845572353,Misc. PK/NRPS
0.0814254093517929,-0.10712091560341606,4,Oscillacyclamide A,NA,1,0.5868292256598496,2.3507039216684977,2.245689186554294,NA,FALSE,21,1895.721817128,NA,FALSE,2.3507039216684977,2.245689186554294,NA,FALSE,21,1895.721817128,NA,FALSE,2.2285395556763588,-0.28236784012224214,FALSE,21,1895.721817128,NA,9,0,FALSE,21,1895.721817128,NA,9,0,FALSE,9,0,0,FALSE,0.724929224933589,0.11414609865654794,2.245689186554294,2.3507039216684977,1.5723922028629929,0.04879816977078785,-0.3958088651130414,2.2285395556763588,-0.28236784012224214,-0.29749203106712147,2.5738011125996483,-0.07071000851947189,-0.2625979494425571,3.754320650693693,-0.7287890585890661,Misc. PK/NRPS
-0.11470256134614557,-0.13066840738373722,2,Oscillaginin B,NA,0,0.03677932405566603,-0.6881420285273131,-0.7958220153172895,NA,FALSE,4,580.347214496,NA,FALSE,-0.6881420285273131,-0.7958220153172895,NA,FALSE,4,580.347214496,NA,FALSE,-1.198001032820239,1.5953782966906682,FALSE,4,580.347214496,NA,1,3,FALSE,4,580.347214496,NA,1,3,FALSE,1,3,0,FALSE,0.025462586242945288,0.11414609865654794,-0.7958220153172895,-0.6881420285273131,-0.5369696715828954,0.34365542852043185,-0.3958088651130414,-1.198001032820239,1.5953782966906682,2.5286822640705324,-0.8653217231811521,1.3399546614439903,0.3860212042841859,-0.4534713145500809,-0.13504360809996477,O‑rich PK acid
-0.4567963869018074,0.18732638688678907,1,Anabaenopeptin 908,NA,0,0.8665158371040724,0.38439183624767886,-0.03701396640218031,NA,TRUE,10,908.511988376,NA,TRUE,0.38439183624767886,-0.03701396640218031,NA,TRUE,10,908.511988376,NA,TRUE,-0.34136588569608967,3.4731244335035787,FALSE,10,908.511988376,NA,3,6,TRUE,10,908.511988376,NA,3,6,TRUE,3,6,0,TRUE,0.2919260676489046,0.11414609865654794,-0.03701396640218031,0.38439183624767886,-0.2356322609477685,-0.3443448418954051,-0.3958088651130414,-0.34136588569608967,3.4731244335035787,2.5286822640705324,-0.005541014235951975,-0.07071000851947189,0.6575480018145518,-0.4534713145500809,-0.13504360809996477,Misc. PK/NRPS
-0.4371487435186351,0.18264483449990462,1,Anabaenopeptin 915,NA,0,0.16910688140556368,-0.15187509613981712,-0.02091538692015193,NA,TRUE,7,915.4742059,NA,TRUE,-0.15187509613981712,-0.02091538692015193,NA,TRUE,7,915.4742059,NA,TRUE,0.08695168786598508,3.4731244335035787,FALSE,7,915.4742059,NA,4,6,TRUE,7,915.4742059,NA,4,6,TRUE,4,6,0,TRUE,-0.3117802574114721,0.11414609865654794,-0.02091538692015193,-0.15187509613981712,-0.08496355563020506,-0.2552733783147833,-0.3958088651130414,0.08695168786598508,3.4731244335035787,2.5286822640705324,0.24011061689124805,-0.07071000851947189,-0.011984527321614372,-0.4534713145500809,-0.13504360809996477,Misc. PK/NRPS
0.29296883718813815,0.30609918197730845,3,Oscillapeptin A,NA,0,0.02799131016042783,-0.15187509613981712,0.561848795510915,NA,TRUE,7,1167.5045796240001,NA,TRUE,-0.15187509613981712,0.5618487955109156,NA,TRUE,7,1167.504579624,NA,TRUE,0.5152692614280598,-0.28236784012224214,FALSE,7,1167.5045796240001,NA,5,0,TRUE,7,1167.5045796240001,NA,5,0,TRUE,5,0,0,TRUE,0.3091748197934872,-0.7292667414168341,0.5618487955109156,-0.15187509613981712,0.969717381592739,0.928104637827763,-0.3958088651130414,0.5152692614280598,-0.28236784012224214,-0.29749203106712147,0.6085880635820481,-0.5409315651739592,-0.0936328323101251,0.9491260071978439,-0.43191633334451546,Misc. PK/NRPS
0.28691820337367324,0.2928974818433125,3,Oscillapeptin B,NA,0,0.02799131016042783,-0.15187509613981712,0.594256868911352,NA,TRUE,7,1181.520229688,NA,TRUE,-0.15187509613981712,0.5942568689113514,NA,TRUE,7,1181.5202296880002,NA,TRUE,0.5152692614280598,-0.28236784012224214,FALSE,7,1181.520229688,NA,5,0,TRUE,7,1181.520229688,NA,5,0,TRUE,5,0,0,TRUE,0.24108764027539917,-0.7292667414168341,0.5942568689113514,-0.15187509613981712,0.969717381592739,0.8557759305592877,-0.3958088651130414,0.5152692614280598,-0.28236784012224214,-0.29749203106712147,0.6085880635820481,-0.5409315651739592,-0.2013449088652116,0.9491260071978439,-0.5061345146556531,Misc. PK/NRPS
0.32288174822897037,0.3361714098390358,3,Oscillapeptin G,NA,0,0.81491867638811,0.20563619211851356,0.4324518053707881,NA,TRUE,9,1111.543742004,NA,TRUE,0.20563619211851356,0.4324518053707881,NA,TRUE,9,1111.543742004,NA,TRUE,0.08695168786598508,-0.28236784012224214,FALSE,9,1111.5437420039998,NA,4,0,TRUE,9,1111.5437420039998,NA,4,0,TRUE,4,0,0,TRUE,0.692878192972023,-0.7292667414168341,0.4324518053707881,0.20563619211851356,0.8190486762751756,0.9194615847579447,-0.3958088651130414,0.08695168786598508,-0.28236784012224214,-0.29749203106712147,0.24011061689124805,-0.5409315651739592,0.20768829324271132,-0.4534713145500809,-0.5061345146556531,Misc. PK/NRPS
0.15685538999285728,-0.13696005269449024,4,Microviridin D,NA,0,0.9101085832471562,1.6356813451518362,2.028352599015783,NA,FALSE,17,1801.7293875439998,NA,FALSE,1.6356813451518362,2.028352599015783,NA,FALSE,17,1801.729387544,NA,FALSE,1.800221982114284,-0.28236784012224214,FALSE,17,1801.7293875439998,NA,8,0,FALSE,17,1801.729387544,NA,8,0,FALSE,8,0,0,FALSE,0.8783836405646991,0.11414609865654794,2.028352599015783,1.6356813451518362,2.1750670241332464,0.7754107002609827,-0.3958088651130414,1.800221982114284,-0.28236784012224214,-0.29749203106712147,2.2053236659088484,-0.07071000851947189,-0.7180097219802654,0.9491260071978439,-0.8030072399002037,Misc. PK/NRPS
0.165822745589133,-0.15973584128608984,4,Microviridin E,NA,0,0.23081898018925728,1.0994144127643402,1.7115106885445497,NA,FALSE,14,1664.70349008,NA,FALSE,1.0994144127643402,1.7115106885445497,NA,FALSE,14,1664.70349008,NA,FALSE,1.800221982114284,-0.28236784012224214,FALSE,14,1664.70349008,NA,8,0,FALSE,14,1664.70349008,NA,8,0,FALSE,8,0,0,FALSE,0.45684096620198356,0.11414609865654794,1.7115106885445497,1.0994144127643402,1.8737296134981196,0.5594046422396837,-0.3958088651130414,1.800221982114284,-0.28236784012224214,-0.29749203106712147,2.2053236659088484,-0.07071000851947189,-1.1813286025984133,-0.4534713145500809,-0.8030072399002037,Misc. PK/NRPS
0.10444010629622927,-0.1119221284829754,4,Microviridin F,NA,0,0.23081898018925728,1.0994144127643402,1.7531561134514986,NA,FALSE,14,1682.714054764,NA,FALSE,1.0994144127643402,1.7531561134514986,NA,FALSE,14,1682.7140547640001,NA,FALSE,1.3719044085522092,-0.28236784012224214,FALSE,14,1682.714054764,NA,7,0,FALSE,14,1682.7140547640001,NA,7,0,FALSE,7,0,0,FALSE,0.5628576867003908,0.11414609865654794,1.7531561134514986,1.0994144127643402,2.0243983188156833,0.7158228221861415,-0.3958088651130414,1.3719044085522092,-0.28236784012224214,-0.29749203106712147,2.2053236659088484,-0.07071000851947189,-0.8329568310892504,-0.4534713145500809,-0.8030072399002037,Misc. PK/NRPS
-0.11031834095719405,-0.13193434722885847,2,Oscillaginin A,NA,0,9.920634920634885e-4,-0.6881420285273131,-0.7172946925213508,NA,FALSE,4,614.3082421439999,NA,FALSE,-0.6881420285273131,-0.7172946925213508,NA,FALSE,4,614.308242144,NA,FALSE,-1.198001032820239,0.3435475388153946,FALSE,4,614.308242144,NA,1,1,FALSE,4,614.3082421439999,NA,1,1,FALSE,1,1,0,FALSE,-0.09444598038973623,0.9575589387299301,-0.7172946925213508,-0.6881420285273131,-0.5369696715828954,0.2257125250205741,1.302338846500975,-1.198001032820239,0.3435475388153946,2.5286822640705324,-0.8653217231811521,1.8101762180984775,0.30812866842699044,-0.4534713145500809,-0.13504360809996477,Halogenated PK
-0.11021478182848014,-0.13191028094155066,2,Oscillaginin C,NA,0,9.920634920634885e-4,-0.6881420285273131,-0.6387673697254121,NA,FALSE,4,648.2692697919999,NA,FALSE,-0.6881420285273131,-0.6387673697254121,NA,FALSE,4,648.2692697919999,NA,FALSE,-1.198001032820239,-0.28236784012224214,FALSE,4,648.2692697919999,NA,1,0,FALSE,4,648.2692697919999,NA,1,0,FALSE,1,0,0,FALSE,-0.20661851046547106,0.11414609865654794,-0.6387673697254121,-0.6881420285273131,-0.5369696715828954,0.11537884110135231,3.0004865581149915,-1.198001032820239,-0.28236784012224214,-0.29749203106712147,-0.8653217231811521,1.3399546614439903,0.7010277831184335,-0.4534713145500809,-0.13504360809996477,Halogenated PK
0.0025077648991882052,-0.14570068341430267,2,Viridisamide A,NA,0,0.31113801452784506,-0.8668976726564784,-1.1128883418449158,NA,FALSE,3,443.22426291600004,NA,FALSE,-0.8668976726564784,-1.1128883418449158,NA,FALSE,3,443.224262916,NA,FALSE,-0.7696834592581644,-0.28236784012224214,FALSE,3,443.22426291600004,NA,2,0,FALSE,3,443.22426291600004,NA,2,0,FALSE,2,0,0,FALSE,-1.3984516425201505,-0.7292667414168341,-1.1128883418449158,-0.8668976726564784,-1.2903131981707125,-1.591345332024109,-0.3958088651130414,-0.7696834592581644,-0.28236784012224214,-0.29749203106712147,-0.742495907617552,-1.0111531218284466,1.2137944243259116,0.9491260071978439,0.23604729845572353,Misc. PK/NRPS
-0.3764902892353326,0.18115215706475535,1,Anabaenopeptin E,NA,0,0.051731696624287615,0.38439183624767886,-0.1712228690600058,NA,TRUE,10,850.470123564,NA,TRUE,0.38439183624767886,-0.1712228690600058,NA,TRUE,10,850.470123564,NA,TRUE,-0.34136588569608967,-0.28236784012224214,FALSE,10,850.470123564,NA,3,0,TRUE,10,850.470123564,NA,3,0,TRUE,3,0,0,TRUE,0.36092107622723363,0.11414609865654794,-0.1712228690600058,0.38439183624767886,-0.38630096626533195,-0.4461408002732585,-0.3958088651130414,-0.34136588569608967,-0.28236784012224214,-0.29749203106712147,-0.005541014235951975,-0.07071000851947189,-0.0762906092567242,-0.4534713145500809,0.013392754522310554,Misc. PK/NRPS
-0.39419747532752436,0.1916183466986827,1,Anabaenopeptin F,NA,0,0.051731696624287615,0.38439183624767886,-0.1712228690600058,NA,TRUE,10,850.470123564,NA,TRUE,0.38439183624767886,-0.1712228690600058,NA,TRUE,10,850.4701235640001,NA,TRUE,-0.34136588569608967,-0.28236784012224214,FALSE,10,850.470123564,NA,3,0,TRUE,10,850.470123564,NA,3,0,TRUE,3,0,0,TRUE,0.36092107622723363,0.11414609865654794,-0.1712228690600058,0.38439183624767886,-0.38630096626533195,-0.4461408002732585,-0.3958088651130414,-0.34136588569608967,-0.28236784012224214,-0.29749203106712147,-0.005541014235951975,-0.07071000851947189,-0.6257531178608792,-0.4534713145500809,-0.0608254267888271,Misc. PK/NRPS
0.2795578419323693,0.3143294426731878,3,Cyanopeptolin 960,NA,0,0.055867346938775486,-0.3306307402689825,0.08300028771390104,NA,FALSE,6,960.4150363480001,NA,FALSE,-0.3306307402689825,0.08300028771390078,NA,FALSE,6,960.4150363480001,NA,FALSE,0.08695168786598508,-0.28236784012224214,FALSE,6,960.4150363480001,NA,4,0,FALSE,6,960.4150363480001,NA,4,0,FALSE,4,0,0,FALSE,0.4851120916682255,-0.7292667414168341,0.08300028771390078,-0.3306307402689825,0.5177112656400487,1.0807985753945426,-0.3958088651130414,0.08695168786598508,-0.28236784012224214,-0.29749203106712147,0.11728480132764804,-0.5409315651739592,-0.2151332861620757,0.9491260071978439,-0.43191633334451546,Misc. PK/NRPS
0.28457969752163115,0.3358213199845113,3,Cyanopeptolin 880,NA,0,0.055867346938775486,-0.3306307402689825,-0.10188206258847841,NA,FALSE,6,880.4582214879999,NA,FALSE,-0.3306307402689825,-0.10188206258847841,NA,FALSE,6,880.4582214879999,NA,FALSE,0.08695168786598508,-0.28236784012224214,FALSE,6,880.4582214879999,NA,4,0,FALSE,6,880.4582214879999,NA,4,0,FALSE,4,0,0,FALSE,-0.09444598038973623,-0.7292667414168341,-0.10188206258847841,-0.3306307402689825,0.06570514968735837,0.2257125250205741,-0.3958088651130414,0.08695168786598508,-0.28236784012224214,-0.29749203106712147,-0.128366829799552,-0.5409315651739592,-0.5267819502923278,-0.4534713145500809,-0.43191633334451546,Misc. PK/NRPS
-0.3819600089925808,0.18630038143290492,1,Oscillamide Y,NA,0,0.8692547969656403,-0.15187509613981712,-0.15512428957797741,NA,FALSE,7,857.4323410879999,NA,FALSE,-0.15187509613981712,-0.15512428957797741,NA,FALSE,7,857.432341088,NA,FALSE,0.08695168786598508,-0.28236784012224214,FALSE,7,857.432341088,NA,4,0,FALSE,7,857.432341088,NA,4,0,FALSE,4,0,0,FALSE,-0.2876320044090571,0.11414609865654794,-0.15512428957797741,-0.15187509613981712,-0.2356322609477685,-0.3443448418954051,-0.3958088651130414,0.08695168786598508,-0.28236784012224214,-0.29749203106712147,0.24011061689124805,-0.07071000851947189,-0.17911400267972447,-0.4534713145500809,0.013392754522310554,Misc. PK/NRPS
0.041650328885797346,-0.15484034849336728,Noise,Nocuolin,NA,1,0.4692796610169492,-1.0456533167856439,-1.4481654001030402,NA,FALSE,2,298.22564281999996,NA,FALSE,-1.0456533167856439,-1.4481654001030402,NA,FALSE,2,298.22564281999996,NA,FALSE,-1.198001032820239,-0.28236784012224214,FALSE,2,298.22564281999996,NA,1,0,FALSE,2,298.22564281999996,NA,1,0,FALSE,1,0,0,FALSE,-0.8551159499658113,0.9575589387299301,-1.4481654001030402,-1.0456533167856439,-1.2903131981707125,-0.7897021597985135,-0.3958088651130414,-1.198001032820239,-0.28236784012224214,-0.29749203106712147,-1.479450800999152,0.8697331047895028,-1.2308770803643798,-0.4534713145500809,0.23604729845572353,Misc. PK/NRPS
0.19161715011212263,-0.23084085261845846,4,Microviridin N9,NA,1,0.9994459258233196,3.065726498185159,3.1482578246342183,NA,FALSE,25,2286.059312164,NA,FALSE,3.065726498185159,3.1482578246342183,NA,FALSE,25,2286.059312164,NA,FALSE,2.2285395556763588,-0.28236784012224214,FALSE,25,2286.059312164,NA,9,0,FALSE,25,2286.059312164,NA,9,0,FALSE,9,0,0,FALSE,1.2302581843141767,0.11414609865654794,3.1482578246342183,3.065726498185159,3.229747961356191,0.8364882752876945,-0.3958088651130414,2.2285395556763588,-0.28236784012224214,-0.29749203106712147,2.6966269281632482,-0.07071000851947189,0.24390477467935057,-0.4534713145500809,-1.396752690389305,Misc. PK/NRPS
0.19165546959676,-0.2307554891590379,4,Microviridin N8,NA,1,0.9994459258233196,2.8869708540559937,2.984000299151994,NA,FALSE,24,2215.022198384,NA,FALSE,2.8869708540559937,2.984000299151994,NA,FALSE,24,2215.022198384,NA,FALSE,2.2285395556763588,-0.28236784012224214,FALSE,24,2215.022198384,NA,9,0,FALSE,24,2215.022198384,NA,9,0,FALSE,9,0,0,FALSE,1.2010367689162964,0.11414609865654794,2.984000299151994,2.8869708540559937,3.0790792560386273,0.8293026782257285,-0.3958088651130414,2.2285395556763588,-0.28236784012224214,-0.29749203106712147,2.5738011125996483,-0.07071000851947189,0.21294826301545394,-0.4534713145500809,-1.3225345090781673,Misc. PK/NRPS
0.19159152694576803,-0.2303956664503568,4,Microviridin N7,NA,1,0.997018547408563,2.7082152099268284,2.7503500178128175,NA,FALSE,23,2113.9745199199997,NA,FALSE,2.7082152099268284,2.7503500178128175,NA,FALSE,23,2113.97451992,NA,FALSE,2.2285395556763588,-0.28236784012224214,FALSE,23,2113.97451992,NA,9,0,FALSE,23,2113.97451992,NA,9,0,FALSE,9,0,0,FALSE,1.1297226003857548,0.11414609865654794,2.7503500178128175,2.7082152099268284,2.7777418454035003,0.7317838609561883,-0.3958088651130414,2.2285395556763588,-0.28236784012224214,-0.29749203106712147,2.4509752970360483,-0.07071000851947189,0.06385767597882387,-0.4534713145500809,-1.174098146455892,Misc. PK/NRPS
0.19146485296720758,-0.22977200562889397,4,Microviridin N6,Microviridin N6,1,0.9956253307461633,2.529459565797663,2.4519677230671237,NA,FALSE,22,1984.931926836,NA,FALSE,2.529459565797663,2.4519677230671237,NA,FALSE,22,1984.931926836,NA,FALSE,2.2285395556763588,-0.28236784012224214,FALSE,22,1984.931926836,NA,9,0,FALSE,22,1984.931926836,NA,9,0,FALSE,9,0,0,FALSE,1.0085838986883198,0.11414609865654794,2.4519677230671237,2.529459565797663,2.32573572945081,0.5291301557984343,-0.3958088651130414,2.2285395556763588,-0.28236784012224214,-0.29749203106712147,2.2053236659088484,-0.07071000851947189,-0.010833542852263869,-0.4534713145500809,-1.0998799651447544,Misc. PK/NRPS
0.19143478938474495,-0.22918328899227616,4,Microviridin N5,NA,1,0.9956253307461633,2.3507039216684977,2.3201182709853363,NA,FALSE,21,1927.91046312,NA,FALSE,2.3507039216684977,2.3201182709853363,NA,FALSE,21,1927.91046312,NA,FALSE,2.2285395556763588,-0.28236784012224214,FALSE,21,1927.91046312,NA,9,0,FALSE,21,1927.91046312,NA,9,0,FALSE,9,0,0,FALSE,0.9181884532060435,0.11414609865654794,2.3201182709853363,2.3507039216684977,2.1750670241332464,0.4700228251274221,-0.3958088651130414,2.2285395556763588,-0.28236784012224214,-0.29749203106712147,2.082497850345248,-0.07071000851947189,-0.0448640952264293,-0.4534713145500809,-1.0998799651447544,Misc. PK/NRPS
0.19146871153584222,-0.22780273461676276,4,Microviridin N4,NA,1,0.9846958750044489,2.1719482775393324,2.0864679896461604,NA,FALSE,20,1826.862784656,NA,FALSE,2.1719482775393324,2.0864679896461595,NA,FALSE,20,1826.8627846560003,NA,FALSE,2.2285395556763588,-0.28236784012224214,FALSE,20,1826.8627846560003,NA,9,0,FALSE,20,1826.8627846559998,NA,9,0,FALSE,9,0,0,FALSE,0.8248530304608241,0.11414609865654794,2.0864679896461595,2.1719482775393324,1.8737296134981196,0.34365542852043185,-0.3958088651130414,2.2285395556763588,-0.28236784012224214,-0.29749203106712147,1.9596720347816483,-0.07071000851947189,-0.21831743598716072,-0.4534713145500809,-0.9514436025224791,Misc. PK/NRPS
0.1899901283670465,-0.22599863861602673,4,Microviridin N3,NA,1,0.9753643940228366,1.9931926334101668,1.7880856949004653,NA,FALSE,19,1697.820191572,NA,FALSE,1.9931926334101668,1.7880856949004653,NA,FALSE,19,1697.820191572,NA,FALSE,2.2285395556763588,-0.28236784012224214,FALSE,19,1697.8201915719997,NA,9,0,FALSE,19,1697.820191572,NA,9,0,FALSE,9,0,0,FALSE,0.6688744071987985,0.11414609865654794,1.7880856949004653,1.9931926334101668,1.4217234975454294,0.0901501024003109,-0.3958088651130414,2.2285395556763588,-0.28236784012224214,-0.29749203106712147,1.7140204036544482,-0.07071000851947189,-0.3514747350482904,-0.4534713145500809,-0.8772254212113414,Misc. PK/NRPS
-0.3960515147056432,0.15551182057823462,1,Anabaenopeptin SA9,NA,1,0.9307278742762614,-0.15187509613981712,-0.11358164923855416,NA,TRUE,7,875.398454116,NA,TRUE,-0.15187509613981712,-0.11358164923855416,NA,TRUE,7,875.398454116,NA,TRUE,0.08695168786598508,-0.28236784012224214,FALSE,7,875.398454116,NA,4,0,TRUE,7,875.398454116,NA,4,0,TRUE,4,0,0,TRUE,-0.5480131672177067,0.11414609865654794,-0.11358164923855416,-0.15187509613981712,-0.38630096626533195,-0.6851400068995227,1.302338846500975,0.08695168786598508,-0.28236784012224214,-0.29749203106712147,0.24011061689124805,-0.07071000851947189,-0.9364585892912476,-0.4534713145500809,-0.13504360809996477,Halogenated PK
-0.4098169716647877,0.1610363541256263,1,Anabaenopeptin SA12,NA,1,0.9575911789652247,-0.15187509613981712,-0.18753236297841427,NA,TRUE,7,843.416691024,NA,TRUE,-0.15187509613981712,-0.18753236297841427,NA,TRUE,7,843.416691024,NA,TRUE,0.08695168786598508,-0.28236784012224214,FALSE,7,843.416691024,NA,4,0,TRUE,7,843.416691024,NA,4,0,TRUE,4,0,0,TRUE,-0.21299194967431961,0.11414609865654794,-0.18753236297841427,-0.15187509613981712,-0.2356322609477685,-0.27956559565495287,-0.3958088651130414,0.08695168786598508,-0.28236784012224214,-0.29749203106712147,0.24011061689124805,-0.07071000851947189,-0.8425044531693813,-0.4534713145500809,-0.13504360809996477,Misc. PK/NRPS
-0.39055556173275807,0.15171255853132076,1,Anabaenopeptin SA11,NA,1,0.9863861386138614,-0.15187509613981712,-0.07659696678203902,NA,TRUE,7,891.393368736,NA,TRUE,-0.15187509613981712,-0.07659696678203902,NA,TRUE,7,891.393368736,NA,TRUE,0.08695168786598508,-0.28236784012224214,FALSE,7,891.393368736,NA,4,0,TRUE,7,891.393368736,NA,4,0,TRUE,4,0,0,TRUE,-0.3590268393727192,0.11414609865654794,-0.07659696678203902,-0.15187509613981712,-0.2356322609477685,-0.406307599168881,1.302338846500975,0.08695168786598508,-0.28236784012224214,-0.29749203106712147,0.24011061689124805,-0.07071000851947189,-0.6257531178608792,-0.4534713145500809,-0.13504360809996477,Halogenated PK
-0.38997334723181054,0.15124030265333543,1,Anabaenopeptin SA10,NA,1,0.9863861386138614,-0.15187509613981712,-0.10900504018247562,NA,TRUE,7,877.3777186719999,NA,TRUE,-0.15187509613981712,-0.10900504018247562,NA,TRUE,7,877.3777186720001,NA,TRUE,0.08695168786598508,-0.28236784012224214,FALSE,7,877.377718672,NA,4,0,TRUE,7,877.377718672,NA,4,0,TRUE,4,0,0,TRUE,-0.2876320044090571,0.11414609865654794,-0.10900504018247562,-0.15187509613981712,-0.2356322609477685,-0.3443448418954051,1.302338846500975,0.08695168786598508,-0.28236784012224214,-0.29749203106712147,0.24011061689124805,-0.07071000851947189,-0.5293561865268174,-0.4534713145500809,-0.13504360809996477,Halogenated PK
0.1862011782137823,0.0877816847838671,3,Nostopeptolide 1052,NA,1,0.6111798679867987,0.38439183624767886,0.2960517189256343,NA,FALSE,10,1052.554247112,NA,FALSE,0.38439183624767886,0.2960517189256343,NA,FALSE,10,1052.554247112,NA,FALSE,0.08695168786598508,-0.28236784012224214,FALSE,10,1052.554247112,NA,4,0,FALSE,10,1052.554247112,NA,4,0,FALSE,4,0,0,FALSE,0.5192037429657526,-0.7292667414168341,0.2960517189256343,0.38439183624767886,0.3670425603224853,0.3263108838881002,-0.3958088651130414,0.08695168786598508,-0.28236784012224214,-0.29749203106712147,0.11728480132764804,-0.5409315651739592,-0.25315578113221493,-0.4534713145500809,-0.5061345146556531,Misc. PK/NRPS
-0.4615975113731316,0.17887379961310187,1,Nostamide B,NA,1,0.8405639913232104,-0.15187509613981712,-0.27526683149014736,NA,FALSE,7,805.473811976,NA,FALSE,-0.15187509613981712,-0.27526683149014736,NA,FALSE,7,805.473811976,NA,FALSE,-0.34136588569608967,-0.28236784012224214,FALSE,7,805.473811976,NA,3,0,FALSE,7,805.473811976,NA,3,0,FALSE,3,0,0,FALSE,-0.5392231054574745,0.11414609865654794,-0.27526683149014736,-0.15187509613981712,-0.5369696715828954,-0.8083450242688763,-0.3958088651130414,-0.34136588569608967,-0.28236784012224214,-0.29749203106712147,-0.128366829799552,-0.07071000851947189,1.0714755198275094,-0.4534713145500809,0.23604729845572353,Misc. PK/NRPS
-0.4186460701984861,0.20184947045890533,1,Nostamide E,NA,1,0.9867205542725173,-0.15187509613981712,-0.3400829782910206,NA,FALSE,7,777.442511848,NA,FALSE,-0.15187509613981712,-0.3400829782910206,NA,FALSE,7,777.4425118480001,NA,FALSE,-0.34136588569608967,-0.28236784012224214,FALSE,7,777.442511848,NA,3,0,FALSE,7,777.4425118480001,NA,3,0,FALSE,3,0,0,FALSE,-0.3912927977852779,0.11414609865654794,-0.3400829782910206,-0.15187509613981712,-0.5369696715828954,-0.6919407973319774,-0.3958088651130414,-0.34136588569608967,-0.28236784012224214,-0.29749203106712147,-0.128366829799552,-0.07071000851947189,0.7804967695411732,-0.4534713145500809,0.23604729845572353,Misc. PK/NRPS
-0.41200125184416253,0.19729797715413808,1,Nostamide D,NA,1,0.9774826789838338,-0.15187509613981712,-0.3400829782910206,NA,FALSE,7,777.442511848,NA,FALSE,-0.15187509613981712,-0.3400829782910206,NA,FALSE,7,777.4425118480001,NA,FALSE,-0.34136588569608967,-0.28236784012224214,FALSE,7,777.4425118480001,NA,3,0,FALSE,7,777.4425118480001,NA,3,0,FALSE,3,0,0,FALSE,-0.3912927977852779,0.11414609865654794,-0.3400829782910206,-0.15187509613981712,-0.5369696715828954,-0.6919407973319774,-0.3958088651130414,-0.34136588569608967,-0.28236784012224214,-0.29749203106712147,-0.128366829799552,-0.07071000851947189,1.2345204783790766,-0.4534713145500809,0.23604729845572353,Misc. PK/NRPS
-0.4207315864401201,0.2012359975492182,1,Nostamide C,NA,1,0.9867205542725173,-0.15187509613981712,-0.34008297829102085,NA,FALSE,7,777.442511848,NA,FALSE,-0.15187509613981712,-0.3400829782910206,NA,FALSE,7,777.4425118480001,NA,FALSE,-0.34136588569608967,-0.28236784012224214,FALSE,7,777.4425118480001,NA,3,0,FALSE,7,777.4425118480001,NA,3,0,FALSE,3,0,0,FALSE,-0.3912927977852779,0.11414609865654794,-0.3400829782910206,-0.15187509613981712,-0.5369696715828954,-0.6919407973319774,-0.3958088651130414,-0.34136588569608967,-0.28236784012224214,-0.29749203106712147,-0.128366829799552,-0.07071000851947189,1.2345204783790766,-0.4534713145500809,0.23604729845572353,Misc. PK/NRPS
-0.13966736812947092,-0.12685830405986398,2,Pseudospumigin D,Pseudospumigin D,1,1,-0.3306307402689825,-0.7588602151319503,NA,FALSE,6,596.332233128,NA,FALSE,-0.3306307402689825,-0.7588602151319503,NA,FALSE,6,596.332233128,NA,FALSE,-0.7696834592581644,-0.28236784012224214,FALSE,6,596.332233128,NA,2,0,FALSE,6,596.332233128,NA,2,0,FALSE,2,0,0,FALSE,-0.20661851046547106,-0.7292667414168341,-0.7588602151319503,-0.3306307402689825,-0.8383070822180223,-0.7121237882928109,-0.3958088651130414,-0.7696834592581644,-0.28236784012224214,-0.29749203106712147,-0.374018460926752,-0.5409315651739592,-0.08670590988362337,-0.4534713145500809,0.08761093583344821,Misc. PK/NRPS
-0.1417647616642485,-0.12311154100784531,2,Pseudospumigin A,NA,1,1,-0.3306307402689825,-0.7218755326754349,NA,FALSE,6,612.327147748,NA,FALSE,-0.3306307402689825,-0.7218755326754349,NA,FALSE,6,612.3271477479999,NA,FALSE,-0.7696834592581644,-0.28236784012224214,FALSE,6,612.327147748,NA,2,0,FALSE,6,612.327147748,NA,2,0,FALSE,2,0,0,FALSE,0.07381281472386554,-0.7292667414168341,-0.7218755326754349,-0.3306307402689825,-0.6876383769004588,-0.29837247359572927,-0.3958088651130414,-0.7696834592581644,-0.28236784012224214,-0.29749203106712147,-0.374018460926752,-0.5409315651739592,-0.03336860719955799,-0.4534713145500809,0.013392754522310554,Misc. PK/NRPS
-0.13966736812947103,-0.12685830405986404,2,Pseudospumigin E,NA,1,1,-0.3306307402689825,-0.7588602151319503,NA,FALSE,6,596.332233128,NA,FALSE,-0.3306307402689825,-0.7588602151319503,NA,FALSE,6,596.332233128,NA,FALSE,-0.7696834592581644,-0.28236784012224214,FALSE,6,596.332233128,NA,2,0,FALSE,6,596.332233128,NA,2,0,FALSE,2,0,0,FALSE,-0.20661851046547106,-0.7292667414168341,-0.7588602151319503,-0.3306307402689825,-0.8383070822180223,-0.7121237882928109,-0.3958088651130414,-0.7696834592581644,-0.28236784012224214,-0.29749203106712147,-0.374018460926752,-0.5409315651739592,0.2621439183426215,-0.4534713145500809,0.16182911714458587,Misc. PK/NRPS
-0.13483746184911538,-0.13068243486161935,2,Pseudospumigin F,NA,1,0.9834951456310679,-0.3306307402689825,-0.791268288532387,NA,FALSE,6,582.3165830639999,NA,FALSE,-0.3306307402689825,-0.791268288532387,NA,FALSE,6,582.316583064,NA,FALSE,-0.7696834592581644,-0.28236784012224214,FALSE,6,582.316583064,NA,2,0,FALSE,6,582.316583064,NA,2,0,FALSE,2,0,0,FALSE,-0.09444598038973623,-0.7292667414168341,-0.791268288532387,-0.3306307402689825,-0.8383070822180223,-0.6293735253533943,-0.3958088651130414,-0.7696834592581644,-0.28236784012224214,-0.29749203106712147,-0.374018460926752,-0.5409315651739592,0.3546742081465339,-0.4534713145500809,0.16182911714458587,Misc. PK/NRPS
-0.14176476166424853,-0.1231115410078452,2,Pseudospumigin B,NA,1,1,-0.3306307402689825,-0.7218755326754349,NA,FALSE,6,612.3271477479999,NA,FALSE,-0.3306307402689825,-0.7218755326754349,NA,FALSE,6,612.327147748,NA,FALSE,-0.7696834592581644,-0.28236784012224214,FALSE,6,612.3271477479999,NA,2,0,FALSE,6,612.327147748,NA,2,0,FALSE,2,0,0,FALSE,0.07381281472386554,-0.7292667414168341,-0.7218755326754349,-0.3306307402689825,-0.6876383769004588,-0.29837247359572927,-0.3958088651130414,-0.7696834592581644,-0.28236784012224214,-0.29749203106712147,-0.374018460926752,-0.5409315651739592,0.3717409060436999,-0.4534713145500809,0.08761093583344821,Misc. PK/NRPS
-0.13700137412521216,-0.12701329606942396,2,Pseudospumigin C,NA,1,0.983177570093458,-0.3306307402689825,-0.7542836060758717,NA,FALSE,6,598.311497684,NA,FALSE,-0.3306307402689825,-0.7542836060758715,NA,FALSE,6,598.311497684,NA,FALSE,-0.7696834592581644,-0.28236784012224214,FALSE,6,598.311497684,NA,2,0,FALSE,6,598.311497684,NA,2,0,FALSE,2,0,0,FALSE,0.19533305563924463,-0.7292667414168341,-0.7542836060758715,-0.3306307402689825,-0.6876383769004588,-0.2018305001664101,-0.3958088651130414,-0.7696834592581644,-0.28236784012224214,-0.29749203106712147,-0.374018460926752,-0.5409315651739592,0.45822495943271013,-0.4534713145500809,0.08761093583344821,Misc. PK/NRPS
-0.32785832699728434,0.04143674643189417,1,Namalide D,NA,1,0.978494623655914,-0.5093863843981478,-0.8444034998563553,NA,FALSE,5,559.3369841599999,NA,FALSE,-0.5093863843981478,-0.8444034998563553,NA,FALSE,5,559.3369841599999,NA,FALSE,-0.7696834592581644,-0.28236784012224214,FALSE,5,559.33698416,NA,2,0,FALSE,5,559.33698416,NA,2,0,FALSE,2,0,0,FALSE,-0.27430883033875925,0.11414609865654794,-0.8444034998563553,-0.5093863843981478,-0.8383070822180223,-0.5409163477285012,-0.3958088651130414,-0.7696834592581644,-0.28236784012224214,-0.29749203106712147,-0.742495907617552,-0.07071000851947189,1.4213428267194148,-0.4534713145500809,0.23604729845572353,Misc. PK/NRPS
-0.3200733631654249,0.03399317521475498,1,Namalide F,NA,1,0.9719235364396654,-0.5093863843981478,-0.8768115732567919,NA,FALSE,5,545.321334096,NA,FALSE,-0.5093863843981478,-0.8768115732567919,NA,FALSE,5,545.321334096,NA,FALSE,-0.7696834592581644,-0.28236784012224214,FALSE,5,545.321334096,NA,2,0,FALSE,5,545.321334096,NA,2,0,FALSE,2,0,0,FALSE,-0.15654148811023239,0.11414609865654794,-0.8768115732567919,-0.5093863843981478,-0.8383070822180223,-0.4461408002732585,-0.3958088651130414,-0.7696834592581644,-0.28236784012224214,-0.29749203106712147,-0.742495907617552,-0.07071000851947189,1.5445355404137475,-0.4534713145500809,0.23604729845572353,Misc. PK/NRPS
-0.3242892520096051,0.03705211497989269,1,Namalide E,NA,1,0.978494623655914,-0.5093863843981478,-0.8768115732567919,NA,FALSE,5,545.321334096,NA,FALSE,-0.5093863843981478,-0.8768115732567919,NA,FALSE,5,545.321334096,NA,FALSE,-0.7696834592581644,-0.28236784012224214,FALSE,5,545.321334096,NA,2,0,FALSE,5,545.321334096,NA,2,0,FALSE,2,0,0,FALSE,-0.15654148811023239,0.11414609865654794,-0.8768115732567919,-0.5093863843981478,-0.8383070822180223,-0.4461408002732585,-0.3958088651130414,-0.7696834592581644,-0.28236784012224214,-0.29749203106712147,-0.742495907617552,-0.07071000851947189,1.5445355404137475,-0.4534713145500809,0.23604729845572353,Misc. PK/NRPS
0.023310618713857405,-0.042150032524754084,1,Nostocyclopeptide A2,NA,1,0.9798795944233207,0.02688054798934821,-0.3101184888609773,NA,TRUE,8,790.401375308,NA,TRUE,0.02688054798934821,-0.3101184888609773,NA,TRUE,8,790.401375308,NA,TRUE,0.08695168786598508,-0.28236784012224214,FALSE,8,790.4013753080001,NA,4,0,TRUE,8,790.4013753080001,NA,4,0,TRUE,4,0,0,TRUE,0.12288829663199917,-0.7292667414168341,-0.3101184888609773,0.02688054798934821,-0.38630096626533195,-0.30871625646315615,-0.3958088651130414,0.08695168786598508,-0.28236784012224214,-0.29749203106712147,-0.005541014235951975,-0.5409315651739592,-1.286534274567246,-0.4534713145500809,-0.0608254267888271,Misc. PK/NRPS
0.025409369701078238,-0.04433836950660673,1,Nostocyclopeptide A3,NA,1,0.9798795944233207,0.02688054798934821,-0.2777104154605407,NA,TRUE,8,804.4170253719999,NA,TRUE,0.02688054798934821,-0.2777104154605407,NA,TRUE,8,804.4170253719999,NA,TRUE,0.08695168786598508,-0.28236784012224214,FALSE,8,804.4170253719999,NA,4,0,TRUE,8,804.4170253719999,NA,4,0,TRUE,4,0,0,TRUE,0.03277408420835259,-0.7292667414168341,-0.2777104154605407,0.02688054798934821,-0.38630096626533195,-0.3791044374390622,-0.3958088651130414,0.08695168786598508,-0.28236784012224214,-0.29749203106712147,-0.005541014235951975,-0.5409315651739592,-0.9854624723691924,-0.4534713145500809,-0.0608254267888271,Misc. PK/NRPS
-8.629661458812446e-4,-0.06548405265043257,1,Nostocyclopeptide A1,NA,1,0.8687595712098009,0.02688054798934821,-0.38869973926055335,NA,TRUE,8,756.4170253719999,NA,TRUE,0.02688054798934821,-0.38869973926055307,NA,TRUE,8,756.4170253719999,NA,TRUE,-0.34136588569608967,-0.28236784012224214,FALSE,8,756.4170253719999,NA,3,0,TRUE,8,756.4170253719999,NA,3,0,TRUE,3,0,0,TRUE,0.4224571649592568,-0.7292667414168341,-0.38869973926055307,0.02688054798934821,-0.38630096626533195,-0.07472311430000925,-0.3958088651130414,-0.34136588569608967,-0.28236784012224214,-0.29749203106712147,-0.374018460926752,-0.5409315651739592,-0.37625126731140657,-0.4534713145500809,-0.13504360809996477,Misc. PK/NRPS
0.16638796212721757,-0.1850353068914738,4,Microviridin G,NA,1,0.8278070836473248,1.6356813451518362,2.037750422327315,NA,FALSE,17,1805.7937020519998,NA,FALSE,1.6356813451518362,2.037750422327315,NA,FALSE,17,1805.7937020519998,NA,FALSE,3.0851747028005083,-0.28236784012224214,FALSE,17,1805.7937020519998,NA,11,0,FALSE,17,1805.7937020519998,NA,11,0,FALSE,11,0,0,FALSE,0.5773145122229013,0.11414609865654794,2.037750422327315,1.6356813451518362,2.0243983188156833,0.44920092455013444,-0.3958088651130414,3.0851747028005083,-0.28236784012224214,-0.29749203106712147,2.2053236659088484,-0.07071000851947189,-1.14730322387938,-0.4534713145500809,-0.7287890585890661,Misc. PK/NRPS
0.16387518759156577,-0.14792688247934677,4,Microviridin H,NA,1,0.08989141675284384,1.6356813451518362,2.1118039206347006,NA,FALSE,17,1837.8199167999999,NA,FALSE,1.6356813451518362,2.1118039206347006,NA,FALSE,17,1837.8199167999999,NA,FALSE,2.2285395556763588,-0.28236784012224214,FALSE,17,1837.8199167999999,NA,9,0,FALSE,17,1837.8199167999999,NA,9,0,FALSE,9,0,0,FALSE,0.6283736375701936,0.11414609865654794,2.1118039206347006,1.6356813451518362,2.1750670241332464,0.5523746116802924,-0.3958088651130414,2.2285395556763588,-0.28236784012224214,-0.29749203106712147,2.2053236659088484,-0.07071000851947189,-0.8868871692287753,-0.4534713145500809,-0.7287890585890661,Misc. PK/NRPS
0.3304499716524541,0.2947072096886489,3,Nostopeptin A,NA,1,0.9725444001449801,0.02688054798934821,0.0694216306129297,NA,TRUE,8,954.5426198079999,NA,TRUE,0.02688054798934821,0.0694216306129297,NA,TRUE,8,954.5426198079999,NA,TRUE,0.08695168786598508,-0.28236784012224214,FALSE,8,954.5426198079999,NA,4,0,TRUE,8,954.5426198079999,NA,4,0,TRUE,4,0,0,TRUE,0.050443537624754196,-0.7292667414168341,0.0694216306129297,0.02688054798934821,0.06570514968735837,0.011941012427081999,-0.3958088651130414,0.08695168786598508,-0.28236784012224214,-0.29749203106712147,-0.251192645363152,-0.5409315651739592,0.9922602805312292,-0.4534713145500809,-0.0608254267888271,Misc. PK/NRPS
0.3281049596485198,0.2981624858145879,3,Nostopeptin B,NA,1,0.9725444001449801,0.02688054798934821,0.004605483812056228,NA,TRUE,8,926.51131968,NA,TRUE,0.02688054798934821,0.004605483812056491,NA,TRUE,8,926.5113196799999,NA,TRUE,0.08695168786598508,-0.28236784012224214,FALSE,8,926.5113196799999,NA,4,0,TRUE,8,926.51131968,NA,4,0,TRUE,4,0,0,TRUE,0.20793214416224357,-0.7292667414168341,0.004605483812056491,0.02688054798934821,0.06570514968735837,0.15135721629240287,-0.3958088651130414,0.08695168786598508,-0.28236784012224214,-0.29749203106712147,-0.251192645363152,-0.5409315651739592,1.098216970035808,-0.4534713145500809,-0.0608254267888271,Misc. PK/NRPS
-0.4230467737646662,0.2046989218144877,1,Nodulapeptin 881a,NA,1,0.9776690769885155,-0.15187509613981712,-0.09962183269428067,NA,TRUE,7,881.4357122160001,NA,TRUE,-0.15187509613981712,-0.0996218326942804,NA,TRUE,7,881.435712216,NA,TRUE,-0.34136588569608967,-0.28236784012224214,FALSE,7,881.435712216,NA,3,0,TRUE,7,881.435712216,NA,3,0,TRUE,3,0,0,TRUE,-0.21299194967431961,0.11414609865654794,-0.0996218326942804,-0.15187509613981712,-0.2356322609477685,-0.27956559565495287,-0.3958088651130414,-0.34136588569608967,-0.28236784012224214,-0.29749203106712147,-0.005541014235951975,-0.07071000851947189,1.1089613027087848,0.9491260071978439,0.23604729845572353,Misc. PK/NRPS
-0.4134040246383636,0.2005638278666997,1,[MeHph5] Nodulapeptin B,NA,1,0.9770603228547154,-0.15187509613981712,-0.06263715023776474,NA,TRUE,7,897.430626836,NA,TRUE,-0.15187509613981712,-0.06263715023776474,NA,TRUE,7,897.4306268359999,NA,TRUE,-0.34136588569608967,-0.28236784012224214,FALSE,7,897.4306268359999,NA,3,0,TRUE,7,897.4306268360001,NA,3,0,TRUE,3,0,0,TRUE,-0.015415334200014131,0.11414609865654794,-0.06263715023776474,-0.15187509613981712,-0.08496355563020506,0.011941012427081999,-0.3958088651130414,-0.34136588569608967,-0.28236784012224214,-0.29749203106712147,0.11728480132764804,-0.07071000851947189,1.3610208772552927,0.9491260071978439,0.23604729845572353,Misc. PK/NRPS
-0.4654189166471402,0.19634117572708115,1,Nodulapeptin 839,NA,1,0.9756637168141593,-0.15187509613981712,-0.19676191950123556,NA,TRUE,7,839.425147532,NA,TRUE,-0.15187509613981712,-0.19676191950123556,NA,TRUE,7,839.4251475320001,NA,TRUE,-0.34136588569608967,-0.28236784012224214,FALSE,7,839.4251475320001,NA,3,0,TRUE,7,839.425147532,NA,3,0,TRUE,3,0,0,TRUE,-0.2600340009777257,0.11414609865654794,-0.19676191950123556,-0.15187509613981712,-0.38630096626533195,-0.4461408002732585,-0.3958088651130414,-0.34136588569608967,-0.28236784012224214,-0.29749203106712147,-0.128366829799552,-0.07071000851947189,0.9922602805312292,0.9491260071978439,0.23604729845572353,Misc. PK/NRPS
-0.4642187101344203,0.19103407439908712,1,Nodulapeptin 883a,NA,1,0.9761794634597595,-0.15187509613981712,-0.09500215222404397,NA,TRUE,7,883.43360404,NA,TRUE,-0.15187509613981712,-0.09500215222404397,NA,TRUE,7,883.4336040400001,NA,TRUE,-0.34136588569608967,-0.28236784012224214,FALSE,7,883.4336040400001,NA,3,0,TRUE,7,883.43360404,NA,3,0,TRUE,3,0,0,TRUE,-0.6081451806229301,0.11414609865654794,-0.09500215222404397,-0.15187509613981712,-0.5369696715828954,-0.8625788118190222,-0.3958088651130414,-0.34136588569608967,-0.28236784012224214,-0.29749203106712147,-0.128366829799552,-0.07071000851947189,0.8382306485662393,2.3517233289457686,0.23604729845572353,Misc. PK/NRPS
-0.42254107901592236,0.20464818048473205,1,Nodulapeptin C,NA,1,0.9776690769885155,-0.15187509613981712,-0.062637150237765,NA,TRUE,7,897.430626836,NA,TRUE,-0.15187509613981712,-0.062637150237765,NA,TRUE,7,897.4306268360001,NA,TRUE,-0.34136588569608967,-0.28236784012224214,FALSE,7,897.430626836,NA,3,0,TRUE,7,897.430626836,NA,3,0,TRUE,3,0,0,TRUE,-0.015415334200014131,0.11414609865654794,-0.062637150237765,-0.15187509613981712,-0.08496355563020506,0.011941012427081999,-0.3958088651130414,-0.34136588569608967,-0.28236784012224214,-0.29749203106712147,-0.005541014235951975,-0.07071000851947189,1.436554448758193,0.9491260071978439,0.23604729845572353,Misc. PK/NRPS
-0.43166751102668205,0.2088140054119869,1,Nodulapeptin 879,NA,1,0.9409937888198758,-0.15187509613981712,-0.10415737977016139,NA,TRUE,7,879.4742059,NA,TRUE,-0.15187509613981712,-0.10415737977016139,NA,TRUE,7,879.4742059,NA,TRUE,-0.34136588569608967,-0.28236784012224214,FALSE,7,879.4742059,NA,3,0,TRUE,7,879.4742059,NA,3,0,TRUE,3,0,0,TRUE,-0.09444598038973623,0.11414609865654794,-0.10415737977016139,-0.15187509613981712,-0.08496355563020506,-0.05931615843741549,-0.3958088651130414,-0.34136588569608967,-0.28236784012224214,-0.29749203106712147,-0.005541014235951975,-0.07071000851947189,1.8250358731331513,-0.4534713145500809,0.23604729845572353,Misc. PK/NRPS
-0.4641470228905802,0.19609825277961704,1,Nodulapeptin 855a,Nodulapeptin 855a,1,0.9756782039289056,-0.15187509613981712,-0.15977723704472016,NA,TRUE,7,855.420062152,NA,TRUE,-0.15187509613981712,-0.15977723704472016,NA,TRUE,7,855.420062152,NA,TRUE,-0.34136588569608967,-0.28236784012224214,FALSE,7,855.420062152,NA,3,0,TRUE,7,855.420062152,NA,3,0,TRUE,3,0,0,TRUE,-0.0530489752427391,0.11414609865654794,-0.15977723704472016,-0.15187509613981712,-0.2356322609477685,-0.14075292513969828,-0.3958088651130414,-0.34136588569608967,-0.28236784012224214,-0.29749203106712147,-0.128366829799552,-0.07071000851947189,1.341098031560721,0.9491260071978439,0.23604729845572353,Misc. PK/NRPS
-0.4539520014392549,0.19243820185823948,1,[Ser6] Nodulapeptin B,NA,1,0.9756782039289056,-0.15187509613981712,-0.12279255458820476,NA,TRUE,7,871.414976772,NA,TRUE,-0.15187509613981712,-0.12279255458820476,NA,TRUE,7,871.414976772,NA,TRUE,-0.34136588569608967,-0.28236784012224214,FALSE,7,871.414976772,NA,3,0,TRUE,7,871.4149767719999,NA,3,0,TRUE,3,0,0,TRUE,0.153936050492247,0.11414609865654794,-0.12279255458820476,-0.15187509613981712,-0.08496355563020506,0.16463494999386227,-0.3958088651130414,-0.34136588569608967,-0.28236784012224214,-0.29749203106712147,-0.005541014235951975,-0.07071000851947189,1.591632223879191,0.9491260071978439,0.23604729845572353,Misc. PK/NRPS
-0.4628151037209391,0.19076063067762863,1,[Met6] Nodulapeptin C,NA,1,0.9761794634597595,-0.15187509613981712,-0.058017469767528834,NA,TRUE,7,899.42851866,NA,TRUE,-0.15187509613981712,-0.058017469767528834,NA,TRUE,7,899.42851866,NA,TRUE,-0.34136588569608967,-0.28236784012224214,FALSE,7,899.42851866,NA,3,0,TRUE,7,899.42851866,NA,3,0,TRUE,3,0,0,TRUE,-0.4105685651486246,0.11414609865654794,-0.058017469767528834,-0.15187509613981712,-0.38630096626533195,-0.5710722037369873,-0.3958088651130414,-0.34136588569608967,-0.28236784012224214,-0.29749203106712147,-0.128366829799552,-0.07071000851947189,1.184945997738398,2.3517233289457686,0.23604729845572353,Misc. PK/NRPS
-0.4702769105278295,0.19229562352494373,1,Nodulapeptin 881b,NA,1,0.9499320344358858,-0.15187509613981712,-0.09953769929992522,NA,TRUE,7,881.4720977239999,NA,TRUE,-0.15187509613981712,-0.09953769929992548,NA,TRUE,7,881.4720977240002,NA,TRUE,-0.34136588569608967,-0.28236784012224214,FALSE,7,881.472097724,NA,3,0,TRUE,7,881.4720977239999,NA,3,0,TRUE,3,0,0,TRUE,-0.4808180284283775,0.11414609865654794,-0.09953769929992548,-0.15187509613981712,-0.38630096626533195,-0.6293735253533943,-0.3958088651130414,-0.34136588569608967,-0.28236784012224214,-0.29749203106712147,-0.128366829799552,-0.07071000851947189,1.591632223879191,0.9491260071978439,0.23604729845572353,Misc. PK/NRPS
-0.0515958716051464,-0.10303241208414993,2,Aeruginosin NOL3,NA,1,0.936429215509468,-0.3306307402689825,-0.7772860611810862,NA,FALSE,6,588.363533256,NA,FALSE,-0.3306307402689825,-0.7772860611810862,NA,FALSE,6,588.363533256,NA,FALSE,-0.34136588569608967,-0.28236784012224214,FALSE,6,588.363533256,NA,3,0,FALSE,6,588.363533256,NA,3,0,FALSE,3,0,0,FALSE,-0.09444598038973623,0.11414609865654794,-0.7772860611810862,-0.3306307402689825,-0.8383070822180223,-0.6293735253533943,-0.3958088651130414,-0.34136588569608967,-0.28236784012224214,-0.29749203106712147,-0.8653217231811521,0.8697331047895028,-0.48010992812789416,-0.4534713145500809,-0.0608254267888271,Misc. PK/NRPS
-0.054394108165311636,-0.10384279851306523,2,Aeruginosin NAL2,NA,1,0.936429215509468,-0.3306307402689825,-0.7819468036315197,NA,FALSE,6,586.3478831919999,NA,FALSE,-0.3306307402689825,-0.78194680363152,NA,FALSE,6,586.3478831919999,NA,FALSE,-0.34136588569608967,-0.28236784012224214,FALSE,6,586.347883192,NA,3,0,FALSE,6,586.3478831919999,NA,3,0,FALSE,3,0,0,FALSE,-0.09444598038973623,0.11414609865654794,-0.78194680363152,-0.3306307402689825,-0.8383070822180223,-0.6293735253533943,-0.3958088651130414,-0.34136588569608967,-0.28236784012224214,-0.29749203106712147,-0.742495907617552,0.8697331047895028,-0.5537145508961767,-0.4534713145500809,-0.0608254267888271,Misc. PK/NRPS
-0.13321668019120955,-0.10573099853383362,2,Spumigin G,NA,1,0.9797650130548303,-0.3306307402689825,-0.763520957582384,NA,FALSE,6,594.316583064,NA,FALSE,-0.3306307402689825,-0.7635209575823837,NA,FALSE,6,594.316583064,NA,FALSE,-0.34136588569608967,0.3435475388153946,FALSE,6,594.316583064,NA,3,1,FALSE,6,594.316583064,NA,3,1,FALSE,3,1,0,FALSE,-0.20661851046547106,-0.7292667414168341,-0.7635209575823837,-0.3306307402689825,-0.8383070822180223,-0.7121237882928109,-0.3958088651130414,-0.34136588569608967,0.3435475388153946,-0.29749203106712147,-0.374018460926752,-0.5409315651739592,-0.8992056373595454,-0.4534713145500809,-0.0608254267888271,Misc. PK/NRPS
-0.1344594194122621,-0.10233933226961202,2,Spumigin E,NA,1,0.9797650130548303,-0.3306307402689825,-0.7265362751258686,NA,FALSE,6,610.311497684,NA,FALSE,-0.3306307402689825,-0.7265362751258686,NA,FALSE,6,610.311497684,NA,FALSE,-0.34136588569608967,0.3435475388153946,FALSE,6,610.311497684,NA,3,1,FALSE,6,610.311497684,NA,3,1,FALSE,3,1,0,FALSE,0.07381281472386554,-0.7292667414168341,-0.7265362751258686,-0.3306307402689825,-0.6876383769004588,-0.29837247359572927,-0.3958088651130414,-0.34136588569608967,0.3435475388153946,-0.29749203106712147,-0.374018460926752,-0.5409315651739592,-0.4665550174002696,-0.4534713145500809,-0.0608254267888271,Misc. PK/NRPS
0.04482967619930032,-0.11846717749804998,2,NOD-Har,NA,1,0.3296620775969963,0.02688054798934821,-0.19899617470272127,NA,FALSE,8,838.458890184,NA,FALSE,0.02688054798934821,-0.19899617470272127,NA,FALSE,8,838.458890184,NA,FALSE,-0.7696834592581644,-0.28236784012224214,FALSE,8,838.458890184,NA,2,0,FALSE,8,838.458890184,NA,2,0,FALSE,2,0,0,FALSE,0.153936050492247,0.11414609865654794,-0.19899617470272127,0.02688054798934821,-0.2356322609477685,-0.14075292513969828,-0.3958088651130414,-0.7696834592581644,-0.28236784012224214,-0.29749203106712147,-0.005541014235951975,-0.07071000851947189,-0.5062700424620987,-0.4534713145500809,-0.3576981520333778,Misc. PK/NRPS
-0.06011807127399002,-0.1154168340654407,2,Aeruginosin 98B,NA,0,0.04919236417033773,-0.3306307402689825,-0.6248117842791437,NA,FALSE,6,654.304698052,NA,FALSE,-0.3306307402689825,-0.6248117842791437,NA,FALSE,6,654.3046980519999,NA,FALSE,-0.34136588569608967,-0.28236784012224214,FALSE,6,654.304698052,NA,3,0,FALSE,6,654.304698052,NA,3,0,FALSE,3,0,0,FALSE,0.9247768359880588,0.11414609865654794,-0.6248117842791437,-0.3306307402689825,-0.38630096626533195,0.7859413166448985,-0.3958088651130414,-0.34136588569608967,-0.28236784012224214,-0.29749203106712147,-0.6196700920539521,-0.07071000851947189,0.8889360553621678,0.9491260071978439,0.08761093583344821,Misc. PK/NRPS
-0.05347441651015861,-0.11185043215034507,2,Aeruginosin 98A,NA,0,0.04919236417033773,-0.3306307402689825,-0.5462844614832053,NA,FALSE,6,688.2657257000001,NA,FALSE,-0.3306307402689825,-0.5462844614832051,NA,FALSE,6,688.2657257000001,NA,FALSE,-0.34136588569608967,-0.28236784012224214,FALSE,6,688.2657257,NA,3,0,FALSE,6,688.2657257000001,NA,3,0,FALSE,3,0,0,FALSE,0.7748911276972064,0.11414609865654794,-0.5462844614832051,-0.3306307402689825,-0.38630096626533195,0.6532555502075583,1.302338846500975,-0.34136588569608967,-0.28236784012224214,-0.29749203106712147,-0.6196700920539521,-0.07071000851947189,1.2026757599119733,0.9491260071978439,0.08761093583344821,Halogenated PK
0.34453832399546314,0.3429762674726002,3,Micropeptin 88N,NA,0,0.056246299585553605,0.02688054798934821,0.3191964661268469,NA,TRUE,8,1062.5637491759999,NA,TRUE,0.02688054798934821,0.3191964661268463,NA,TRUE,8,1062.5637491759999,NA,TRUE,0.08695168786598508,-0.28236784012224214,FALSE,8,1062.563749176,NA,4,0,TRUE,8,1062.563749176,NA,4,0,TRUE,4,0,0,TRUE,-0.03005063904996308,-0.7292667414168341,0.3191964661268463,0.02688054798934821,0.3670425603224853,0.13070296386791078,-0.3958088651130414,0.08695168786598508,-0.28236784012224214,-0.29749203106712147,0.24011061689124805,-0.5409315651739592,-0.07154646708635734,-0.4534713145500809,-0.28347997072224007,Misc. PK/NRPS
0.3415632339358917,0.3298765642169956,3,Micropeptin 88F,NA,0,0.012891163156858898,0.02688054798934821,0.4671704723833746,NA,TRUE,8,1126.5586637959998,NA,TRUE,0.02688054798934821,0.4671704723833746,NA,TRUE,8,1126.558663796,NA,TRUE,0.5152692614280598,-0.28236784012224214,FALSE,8,1126.558663796,NA,5,0,TRUE,8,1126.558663796,NA,5,0,TRUE,5,0,0,TRUE,-0.12442312204790673,-0.7292667414168341,0.4671704723833746,0.02688054798934821,0.5177112656400487,0.12251248445819886,-0.3958088651130414,0.5152692614280598,-0.28236784012224214,-0.29749203106712147,0.6085880635820481,-0.5409315651739592,-0.4324317097973942,-0.4534713145500809,-0.28347997072224007,Misc. PK/NRPS
0.338026113990276,0.35749217157902397,3,Cyanopeptolin 963A,NA,0,0.132023755139333,-0.15187509613981712,0.09012279384374894,NA,FALSE,7,963.495335268,NA,FALSE,-0.15187509613981712,0.09012279384374894,NA,FALSE,7,963.495335268,NA,FALSE,0.08695168786598508,-0.28236784012224214,FALSE,7,963.495335268,NA,4,0,FALSE,7,963.495335268,NA,4,0,FALSE,4,0,0,FALSE,-0.023479685852026727,0.11414609865654794,0.09012279384374894,-0.15187509613981712,0.21637385500492182,0.20826178929865666,-0.3958088651130414,0.08695168786598508,-0.28236784012224214,-0.29749203106712147,0.11728480132764804,0.8697331047895028,-0.11723026985342008,-0.4534713145500809,-0.28347997072224007,Misc. PK/NRPS
0.3392332111111235,0.3529262474656388,3,Cyanopeptolin A,NA,0,0.08622398414271554,0.38439183624767886,0.07402421436172055,NA,FALSE,10,956.5331177439999,NA,FALSE,0.38439183624767886,0.07402421436172081,NA,FALSE,10,956.533117744,NA,FALSE,-0.34136588569608967,0.9694629177530314,FALSE,10,956.533117744,NA,3,2,FALSE,10,956.533117744,NA,3,2,FALSE,3,2,0,FALSE,0.5859047998522189,0.11414609865654794,0.07402421436172081,0.38439183624767886,0.06570514968735837,0.15135721629240287,-0.3958088651130414,-0.34136588569608967,0.9694629177530314,2.5286822640705324,-0.128366829799552,0.8697331047895028,-0.20304109813585755,-0.4534713145500809,-0.28347997072224007,Misc. PK/NRPS
0.32888479843133084,0.36709889002843116,3,Cyanopeptolin C,NA,0,0,0.02688054798934821,0.04167429966292655,NA,FALSE,8,942.5426198079999,NA,FALSE,0.02688054798934821,0.04167429966292655,NA,FALSE,8,942.5426198079999,NA,FALSE,-0.34136588569608967,0.9694629177530314,FALSE,8,942.5426198079999,NA,3,2,FALSE,8,942.5426198079999,NA,3,2,FALSE,3,2,0,FALSE,0.12751243018565325,0.9575589387299301,0.04167429966292655,0.02688054798934821,0.06570514968735837,0.080165963254792,-0.3958088651130414,-0.34136588569608967,0.9694629177530314,2.5286822640705324,-0.251192645363152,0.8697331047895028,-0.4133271972259397,-0.4534713145500809,-0.28347997072224007,Misc. PK/NRPS
0.3400451377832217,0.36989268009347753,3,Cyanopeptolin B,Cyanopeptolin B,0,0.01988257272484656,0.02688054798934821,0.009266226262489944,NA,FALSE,8,928.5269697439999,NA,FALSE,0.02688054798934821,0.009266226262489682,NA,FALSE,8,928.5269697439999,NA,FALSE,-0.34136588569608967,0.9694629177530314,FALSE,8,928.5269697439999,NA,3,2,FALSE,8,928.5269697439999,NA,3,2,FALSE,3,2,0,FALSE,0.20793214416224357,0.9575589387299301,0.009266226262489682,0.02688054798934821,0.06570514968735837,0.15135721629240287,-0.3958088651130414,-0.34136588569608967,0.9694629177530314,2.5286822640705324,-0.251192645363152,0.8697331047895028,-0.37092221165322636,-0.4534713145500809,-0.28347997072224007,Misc. PK/NRPS
0.32888479843133084,0.3670988900284311,3,Cyanopeptolin D,NA,0,0,0.02688054798934821,0.07408237306336315,NA,FALSE,8,956.5582698719999,NA,FALSE,0.02688054798934821,0.07408237306336342,NA,FALSE,8,956.5582698719999,NA,FALSE,-0.34136588569608967,0.9694629177530314,FALSE,8,956.5582698719999,NA,3,2,FALSE,8,956.5582698719999,NA,3,2,FALSE,3,2,0,FALSE,0.050443537624754196,0.9575589387299301,0.07408237306336342,0.02688054798934821,0.06570514968735837,0.011941012427081999,-0.3958088651130414,-0.34136588569608967,0.9694629177530314,2.5286822640705324,-0.251192645363152,0.8697331047895028,-0.16039260264219118,-0.4534713145500809,-0.28347997072224007,Misc. PK/NRPS
0.3326612280929323,0.30171658168267784,3,Micropeptin 88D,NA,0,0.1301839464882943,0.02688054798934821,0.4440838838838052,NA,TRUE,8,1116.5743138599998,NA,TRUE,0.02688054798934821,0.44408388388380465,NA,TRUE,8,1116.57431386,NA,TRUE,0.5152692614280598,-0.28236784012224214,FALSE,8,1116.5743138599998,NA,5,0,TRUE,8,1116.5743138599998,NA,5,0,TRUE,5,0,0,TRUE,-0.06394292396563336,0.11414609865654794,0.44408388388380465,0.02688054798934821,0.5177112656400487,0.180707996053523,-0.3958088651130414,0.5152692614280598,-0.28236784012224214,-0.29749203106712147,0.3629364324548481,-0.07071000851947189,-0.5669274783004346,-0.4534713145500809,-0.5803526959667907,Misc. PK/NRPS
0.06727805020956554,-0.13186215597852158,Noise,Aerucyclamide B,NA,0,0.32469943422913716,-0.3306307402689825,-0.9071687455319382,NA,FALSE,6,532.192645504,NA,FALSE,-0.3306307402689825,-0.9071687455319382,NA,FALSE,6,532.192645504,NA,FALSE,0.08695168786598508,1.5953782966906682,FALSE,6,532.192645504,NA,4,3,FALSE,6,532.192645504,NA,4,3,FALSE,4,3,0,FALSE,0.050443537624754196,-0.7292667414168341,-0.9071687455319382,-0.3306307402689825,-1.139644492853149,-1.0569165505403788,-0.3958088651130414,0.08695168786598508,1.5953782966906682,-0.29749203106712147,-0.742495907617552,-1.0111531218284466,-0.9641160839072089,2.3517233289457686,-0.0608254267888271,Misc. PK/NRPS
0.06666026149949757,-0.12945125261816284,Noise,Aerucyclamide A,NA,0,0.1789551685809559,-0.3306307402689825,-0.9025080030815045,NA,FALSE,6,534.208295568,NA,FALSE,-0.3306307402689825,-0.9025080030815047,NA,FALSE,6,534.208295568,NA,FALSE,0.08695168786598508,1.5953782966906682,FALSE,6,534.208295568,NA,4,3,FALSE,6,534.208295568,NA,4,3,FALSE,4,3,0,FALSE,0.050443537624754196,-0.7292667414168341,-0.9025080030815047,-0.3306307402689825,-1.139644492853149,-1.0569165505403788,-0.3958088651130414,0.08695168786598508,1.5953782966906682,-0.29749203106712147,-0.8653217231811521,-1.0111531218284466,-1.151210900426944,2.3517233289457686,-0.13504360809996477,Misc. PK/NRPS
0.06554386747374612,-0.13322218589552728,Noise,Aerucyclamide C,NA,0,0.32469943422913716,-0.3306307402689825,-0.944112366008256,NA,FALSE,6,516.215489124,NA,FALSE,-0.3306307402689825,-0.944112366008256,NA,FALSE,6,516.215489124,NA,FALSE,0.08695168786598508,1.5953782966906682,FALSE,6,516.215489124,NA,4,3,FALSE,6,516.215489124,NA,4,3,FALSE,4,3,0,FALSE,0.41266733266098005,-0.7292667414168341,-0.944112366008256,-0.3306307402689825,-0.9889757875355857,-0.5224877690566483,-0.3958088651130414,0.08695168786598508,1.5953782966906682,-0.29749203106712147,-0.742495907617552,-1.0111531218284466,-0.39796716911849017,0.9491260071978439,-0.0608254267888271,Misc. PK/NRPS
0.04375900482752834,-0.1301126889505638,Noise,Microcyclamide 7806B,NA,0,0.4037531437415361,-0.3306307402689825,-0.9024669411013072,NA,FALSE,6,534.2260538080001,NA,FALSE,-0.3306307402689825,-0.9024669411013072,NA,FALSE,6,534.226053808,NA,FALSE,-0.34136588569608967,2.221293675628305,FALSE,6,534.226053808,NA,3,4,FALSE,6,534.2260538080001,NA,3,4,FALSE,3,4,0,FALSE,0.7748911276972064,-0.7292667414168341,-0.9024669411013072,-0.3306307402689825,-0.8383070822180223,0.011941012427081999,-0.3958088651130414,-0.34136588569608967,2.221293675628305,-0.29749203106712147,-0.742495907617552,-1.0111531218284466,0.15697087607045138,0.9491260071978439,-0.0608254267888271,Misc. PK/NRPS
0.3434865710547388,0.33788096794824224,3,Micropeptin 88Y,NA,0,0.015757575757575748,0.02688054798934821,0.36994625218206456,NA,TRUE,8,1084.5117136039999,NA,TRUE,0.02688054798934821,0.369946252182064,NA,TRUE,8,1084.5117136039999,NA,TRUE,0.5152692614280598,-0.28236784012224214,FALSE,8,1084.511713604,NA,5,0,TRUE,8,1084.511713604,NA,5,0,TRUE,5,0,0,TRUE,0.06361531198970748,-0.7292667414168341,0.369946252182064,0.02688054798934821,0.5177112656400487,0.3034476205091165,-0.3958088651130414,0.5152692614280598,-0.28236784012224214,-0.29749203106712147,0.6085880635820481,-1.0111531218284466,-0.19011496610783155,-0.4534713145500809,-0.43191633334451546,Misc. PK/NRPS
0.3219499447718597,0.31504028962744324,3,Micropeptin 88A,NA,0,0.15066889632107022,-0.15187509613981712,-0.09492002826364941,NA,TRUE,7,883.4691205199999,NA,TRUE,-0.15187509613981712,-0.09492002826364941,NA,TRUE,7,883.4691205199999,NA,TRUE,0.08695168786598508,-0.28236784012224214,FALSE,7,883.4691205199999,NA,4,0,TRUE,7,883.4691205199999,NA,4,0,TRUE,4,0,0,TRUE,0.18216128127429085,-0.7292667414168341,-0.09492002826364941,-0.15187509613981712,0.06570514968735837,0.3034476205091165,-0.3958088651130414,0.08695168786598508,-0.28236784012224214,-0.29749203106712147,-0.251192645363152,-0.5409315651739592,0.20010788756842623,-0.4534713145500809,-0.3576981520333778,Misc. PK/NRPS
0.029087009012524798,-0.08936121836434514,2,Kasumigamide,NA,0,0.5497599301615015,0.02688054798934821,-0.31943997376184446,NA,FALSE,8,786.37007518,NA,FALSE,0.02688054798934821,-0.31943997376184446,NA,FALSE,8,786.37007518,NA,FALSE,0.08695168786598508,2.221293675628305,FALSE,8,786.37007518,NA,4,4,FALSE,8,786.37007518,NA,4,4,FALSE,4,4,0,FALSE,0.12288829663199917,-0.7292667414168341,-0.31943997376184446,0.02688054798934821,-0.38630096626533195,-0.30871625646315615,-0.3958088651130414,0.08695168786598508,2.221293675628305,2.5286822640705324,0.24011061689124805,-0.5409315651739592,-1.123146677948984,-0.4534713145500809,-0.20926178941110243,Misc. PK/NRPS
-0.007110835255945077,-0.11052750797900442,2,Aeruginosamide B,NA,0,0.31113801452784506,-0.6881420285273131,-0.8098941616126759,NA,FALSE,4,574.261376696,NA,FALSE,-0.6881420285273131,-0.8098941616126759,NA,FALSE,4,574.2613766960001,NA,FALSE,0.08695168786598508,-0.28236784012224214,FALSE,4,574.2613766960001,NA,4,0,FALSE,4,574.261376696,NA,4,0,FALSE,4,0,0,FALSE,-1.3984516425201505,0.11414609865654794,-0.8098941616126759,-0.6881420285273131,-1.139644492853149,-1.591345332024109,-0.3958088651130414,0.08695168786598508,-0.28236784012224214,-0.29749203106712147,-0.251192645363152,-0.07071000851947189,-1.5344326970225395,0.9491260071978439,0.08761093583344821,Misc. PK/NRPS
-0.02180799972619657,-0.09565037484306399,2,Aeruginosamide C,NA,0,0.32756061355764476,-0.5093863843981478,-0.5808204893295785,NA,FALSE,5,673.329790604,NA,FALSE,-0.5093863843981478,-0.5808204893295785,NA,FALSE,5,673.3297906040001,NA,FALSE,0.08695168786598508,-0.28236784012224214,FALSE,5,673.329790604,NA,4,0,FALSE,5,673.329790604,NA,4,0,FALSE,4,0,0,FALSE,-1.2222346611511756,-0.7292667414168341,-0.5808204893295785,-0.5093863843981478,-0.9889757875355857,-1.4613491419334719,-0.3958088651130414,0.08695168786598508,-0.28236784012224214,-0.29749203106712147,-0.128366829799552,-0.5409315651739592,-1.0277283215239184,0.9491260071978439,-0.0608254267888271,Misc. PK/NRPS
0.35478540273321735,0.3416892698692453,3,Micropeptin 88B,NA,0,0.02796157950907152,0.02688054798934821,0.3560970151890071,NA,TRUE,8,1078.522278288,NA,TRUE,0.02688054798934821,0.3560970151890071,NA,TRUE,8,1078.522278288,NA,TRUE,0.08695168786598508,-0.28236784012224214,FALSE,8,1078.522278288,NA,4,0,TRUE,8,1078.522278288,NA,4,0,TRUE,4,0,0,TRUE,0.36482645407129005,-0.7292667414168341,0.3560970151890071,0.02688054798934821,0.6683799709576121,0.677456098803048,-0.3958088651130414,0.08695168786598508,-0.28236784012224214,-0.29749203106712147,0.3629364324548481,-0.5409315651739592,-0.07154646708635734,-0.4534713145500809,-0.5803526959667907,Misc. PK/NRPS
0.34350436960198527,0.33514828341397307,3,Micropeptin 88C,NA,0,0.012891163156858898,0.02688054798934821,0.4347623989829383,NA,TRUE,8,1112.543013732,NA,TRUE,0.02688054798934821,0.4347623989829383,NA,TRUE,8,1112.5430137320002,NA,TRUE,0.5152692614280598,-0.28236784012224214,FALSE,8,1112.543013732,NA,5,0,TRUE,8,1112.543013732,NA,5,0,TRUE,5,0,0,TRUE,-0.06394292396563336,-0.7292667414168341,0.4347623989829383,0.02688054798934821,0.5177112656400487,0.180707996053523,-0.3958088651130414,0.5152692614280598,-0.28236784012224214,-0.29749203106712147,0.6085880635820481,-0.5409315651739592,-0.32799370774010966,-0.4534713145500809,-0.5803526959667907,Misc. PK/NRPS
0.3598976739032261,0.35256528239435947,3,Micropeptin 88E,NA,0,0.02796157950907152,0.02688054798934821,0.3191964661268463,NA,TRUE,8,1062.5637491759999,NA,TRUE,0.02688054798934821,0.3191964661268463,NA,TRUE,8,1062.5637491759999,NA,TRUE,0.08695168786598508,-0.28236784012224214,FALSE,8,1062.5637491759999,NA,4,0,TRUE,8,1062.5637491759999,NA,4,0,TRUE,4,0,0,TRUE,-0.03005063904996308,-0.7292667414168341,0.3191964661268463,0.02688054798934821,0.3670425603224853,0.13070296386791078,-0.3958088651130414,0.08695168786598508,-0.28236784012224214,-0.29749203106712147,0.24011061689124805,-0.5409315651739592,0.005213251204561477,-0.4534713145500809,-0.5803526959667907,Misc. PK/NRPS
0.07841481792934238,-0.1076937955579289,4,Kawaguchipeptin A,NA,0,0.4392317672134186,1.4569257010226708,1.1472549788029105,NA,TRUE,16,1420.6775501040001,NA,TRUE,1.4569257010226708,1.14725497880291,NA,TRUE,16,1420.6775501040001,NA,TRUE,1.800221982114284,8.480447465004673,TRUE,16,1420.6775501040001,NA,8,14,TRUE,16,1420.677550104,NA,8,14,TRUE,8,14,0,TRUE,0.7748911276972064,-0.7292667414168341,1.14725497880291,1.4569257010226708,0.969717381592739,0.20056293530369276,-0.3958088651130414,1.800221982114284,8.480447465004673,2.5286822640705324,1.0998913258364482,-0.5409315651739592,-0.35470113574712464,-0.4534713145500809,-0.13504360809996477,Macro‑cyclic peptide
0.06903275742059432,-0.12565081943892042,Noise,Aerucyclamide D,NA,0,0.1789551685809559,-0.3306307402689825,-0.7824065231495321,NA,FALSE,6,586.14906644,NA,FALSE,-0.3306307402689825,-0.7824065231495321,NA,FALSE,6,586.14906644,NA,FALSE,0.5152692614280598,1.5953782966906682,FALSE,6,586.1490664400001,NA,5,3,FALSE,6,586.14906644,NA,5,3,FALSE,5,3,0,FALSE,-0.2281901508646505,-0.7292667414168341,-0.7824065231495321,-0.3306307402689825,-1.139644492853149,-1.2213561756122957,-0.3958088651130414,0.5152692614280598,1.5953782966906682,-0.29749203106712147,-0.496844276490352,-1.0111531218284466,-2.131433433987041,3.754320650693693,0.16182911714458587,Misc. PK/NRPS
0.08778954531682047,-0.08101304275783783,1,Kawaguchipeptin B,NA,0,0.3302824267782427,1.4569257010226708,0.8324957296994103,NA,TRUE,16,1284.552349592,NA,TRUE,1.4569257010226708,0.8324957296994098,NA,TRUE,16,1284.552349592,NA,TRUE,0.9435868349901345,-0.28236784012224214,FALSE,16,1284.552349592,NA,6,0,TRUE,16,1284.552349592,NA,6,0,TRUE,6,0,0,TRUE,1.5243196691514669,-0.7292667414168341,0.8324957296994098,1.4569257010226708,0.969717381592739,0.7859413166448985,-0.3958088651130414,0.9435868349901345,-0.28236784012224214,-0.29749203106712147,1.0998913258364482,-0.5409315651739592,-0.48010992812789416,-0.4534713145500809,-0.28347997072224007,Misc. PK/NRPS
0.006507143367731593,-0.10288777694620961,2,Aeruginoguanidin 98A,NA,0,0.09607498535442294,0.20563619211851356,0.13151632124752946,NA,FALSE,9,981.396960824,NA,FALSE,0.20563619211851356,0.13151632124752946,NA,FALSE,9,981.396960824,NA,FALSE,-1.198001032820239,-0.28236784012224214,FALSE,9,981.396960824,NA,1,0,FALSE,9,981.396960824,NA,1,0,FALSE,1,0,0,FALSE,1.5550654554675396,-0.7292667414168341,0.13151632124752946,0.20563619211851356,0.3670425603224853,1.4096778255383768,-0.3958088651130414,-1.198001032820239,-0.28236784012224214,-0.29749203106712147,0.24011061689124805,-0.5409315651739592,1.184945997738398,3.754320650693693,-0.0608254267888271,Misc. PK/NRPS
0.05669951769065809,-0.09451754361155536,2,"[D-Ser1,D-Asp3,Dha7]MC-LR",NA,0,0.050336597307221564,0.38439183624767886,0.13409548531780566,NA,FALSE,10,982.5123823,NA,FALSE,0.38439183624767886,0.13409548531780566,NA,FALSE,10,982.5123823,NA,FALSE,-0.7696834592581644,-0.28236784012224214,FALSE,10,982.5123823,NA,2,0,FALSE,10,982.5123823,NA,2,0,FALSE,2,0,0,FALSE,1.3049747301892451,-0.7292667414168341,0.13409548531780566,0.38439183624767886,0.21637385500492182,0.8722410021325993,-0.3958088651130414,-0.7696834592581644,-0.28236784012224214,5.354856559208187,-0.128366829799552,-0.5409315651739592,-0.002535747840663129,-0.4534713145500809,5.5055381715464975,O‑rich PK acid
0.008945283272758823,-0.10343921967385081,2,Aeruginoguanidin 98C,NA,0,0.09607498535442294,0.20563619211851356,0.16850100370404486,NA,FALSE,9,997.391875444,NA,FALSE,0.20563619211851356,0.16850100370404486,NA,FALSE,9,997.391875444,NA,FALSE,-1.198001032820239,-0.28236784012224214,FALSE,9,997.3918754439999,NA,1,0,FALSE,9,997.3918754439999,NA,1,0,FALSE,1,0,0,FALSE,1.7779724062590636,-0.7292667414168341,0.16850100370404486,0.20563619211851356,0.5177112656400487,1.7385570756822113,-0.3958088651130414,-1.198001032820239,-0.28236784012224214,-0.29749203106712147,0.24011061689124805,-0.5409315651739592,1.7328685109382331,3.754320650693693,-0.0608254267888271,Misc. PK/NRPS
0.03571042535186407,-0.21688917761846424,5,Cylindrofridin A,NA,1,0.6937751004016064,-1.4031646050439746,-1.2817613166993707,NA,FALSE,0,370.191087152,NA,FALSE,-1.4031646050439746,-1.2817613166993707,NA,FALSE,0,370.191087152,NA,FALSE,-1.198001032820239,-0.28236784012224214,FALSE,0,370.191087152,NA,1,0,FALSE,0,370.191087152,NA,1,0,FALSE,1,0,0,FALSE,-1.9159142068576165,0.9575589387299301,-1.2817613166993707,-1.4031646050439746,-1.139644492853149,-0.7515286754068187,1.302338846500975,-1.198001032820239,-0.28236784012224214,-0.29749203106712147,-1.2337991698719522,0.3995115481350155,-0.0588650101309514,-0.4534713145500809,0.08761093583344821,Halogenated PK
0.04550230013652875,-0.22570641028765512,5,Cylindrofridin C,NA,1,0.9459459459459459,-1.4031646050439746,-0.5089648311167426,NA,FALSE,0,704.405496592,NA,FALSE,-1.4031646050439746,-0.5089648311167426,NA,FALSE,0,704.405496592,NA,FALSE,-0.7696834592581644,-0.28236784012224214,FALSE,0,704.405496592,NA,2,0,FALSE,0,704.4054965920001,NA,2,0,FALSE,2,0,0,FALSE,-1.875526884762985,2.6443846188766944,-0.5089648311167426,-1.4031646050439746,-0.5369696715828954,-0.6919407973319774,1.302338846500975,-0.7696834592581644,-0.28236784012224214,-0.29749203106712147,-0.742495907617552,0.3995115481350155,-0.3921895438670639,-0.4534713145500809,-0.13504360809996477,Halogenated PK
0.04499888897417249,-0.22930393730562798,5,Cylindrofridin B,NA,1,0.9459459459459459,-1.4031646050439746,-0.6061049179236978,NA,FALSE,0,662.394931908,NA,FALSE,-1.4031646050439746,-0.6061049179236978,NA,FALSE,0,662.394931908,NA,FALSE,-0.7696834592581644,-0.28236784012224214,FALSE,0,662.394931908,NA,2,0,FALSE,0,662.394931908,NA,2,0,FALSE,2,0,0,FALSE,-2.011445757196841,2.6443846188766944,-0.6061049179236978,-1.4031646050439746,-0.6876383769004588,-0.8924769254684617,1.302338846500975,-0.7696834592581644,-0.28236784012224214,-0.29749203106712147,-0.8653217231811521,0.3995115481350155,-0.5997353053260551,-0.4534713145500809,-0.13504360809996477,Halogenated PK
0.027552676651781054,-0.16654986667715943,Noise,"Mycosporine glycine 
",NA,1,0.23461538461538461,-1.2244089609148092,-1.5710299008613804,NA,FALSE,1,245.08993719999998,NA,FALSE,-1.2244089609148092,-1.5710299008613804,NA,FALSE,1,245.08993719999998,NA,FALSE,-1.198001032820239,-0.28236784012224214,FALSE,1,245.08993719999998,NA,1,0,FALSE,1,245.08993719999998,NA,1,0,FALSE,1,0,0,FALSE,2.5135653438710914,-0.7292667414168341,-1.5710299008613804,-1.2244089609148092,-0.8383070822180223,4.501142776890417,-0.3958088651130414,-1.198001032820239,-0.28236784012224214,-0.29749203106712147,-1.356624985435552,-1.0111531218284466,0.30812866842699044,-0.4534713145500809,0.23604729845572353,Misc. PK/NRPS
0.029501434553023537,-0.05908921745442765,3,Anachelin,NA,1,0.8087066473988439,-0.3306307402689825,-0.3773275264792709,NA,FALSE,6,761.3352120480907,NA,FALSE,-0.3306307402689825,-0.3773275264792709,NA,FALSE,6,761.3352120480907,NA,FALSE,0.08695168786598508,-0.28236784012224214,FALSE,6,761.3352120480907,NA,4,0,FALSE,6,761.3352120480907,NA,4,0,FALSE,4,0,0,FALSE,1.1474641740201814,-0.7292667414168341,-0.3773275264792709,-0.3306307402689825,0.21637385500492182,1.5694191756082394,-0.3958088651130414,0.08695168786598508,-0.28236784012224214,-0.29749203106712147,-0.374018460926752,-1.0111531218284466,0.6716271690939037,-0.4534713145500809,-0.0608254267888271,Misc. PK/NRPS
0.0318651781988781,-0.059650868855645224,3,Anachelin-2,NA,1,0.8087066473988439,-0.3306307402689825,-0.3773275264792709,NA,FALSE,6,761.3352120480907,NA,FALSE,-0.3306307402689825,-0.3773275264792709,NA,FALSE,6,761.3352120480907,NA,FALSE,0.08695168786598508,-0.28236784012224214,FALSE,6,761.3352120480907,NA,4,0,FALSE,6,761.3352120480907,NA,4,0,FALSE,4,0,0,FALSE,1.1474641740201814,-0.7292667414168341,-0.3773275264792709,-0.3306307402689825,0.21637385500492182,1.5694191756082394,-0.3958088651130414,0.08695168786598508,-0.28236784012224214,-0.29749203106712147,-0.374018460926752,-1.0111531218284466,0.29273861093907677,-0.4534713145500809,-0.0608254267888271,Misc. PK/NRPS
0.02518727506636687,-0.13887487683544367,2,Dehydroradiosumin,NA,1,0.5364285714285715,-0.6881420285273131,-1.1429540613907598,NA,FALSE,4,430.22162005999996,NA,FALSE,-0.6881420285273131,-1.1429540613907598,NA,FALSE,4,430.22162005999996,NA,FALSE,-0.7696834592581644,-0.28236784012224214,FALSE,4,430.22162006,NA,2,0,FALSE,4,430.22162005999996,NA,2,0,FALSE,2,0,0,FALSE,-0.015415334200014131,-0.7292667414168341,-1.1429540613907598,-0.6881420285273131,-0.9889757875355857,-0.27956559565495287,-0.3958088651130414,-0.7696834592581644,-0.28236784012224214,-0.29749203106712147,-0.742495907617552,-1.0111531218284466,-1.1054766119443424,-0.4534713145500809,-0.0608254267888271,Misc. PK/NRPS
